time,ASkin,APlasma,[APlasma]
0.0,0.0,0.0,0.0
0.041666666666666664,51.640142517281234,619.6499065220786,619.6499065220786
0.08333333333333333,51.610302799239925,619.3235505205166,619.3235505205166
0.125,51.61019055914062,619.3223154521203,619.3223154521203
0.16666666666666666,51.61020937985382,619.3225137616438,619.3225137616438
0.20833333333333334,51.61020209135909,619.3224265237693,619.3224265237693
0.25,51.61019011047793,619.3222879668949,619.3222879668949
0.2916666666666667,51.61019210589713,619.3223022639608,619.3223022639608
0.3333333333333333,51.610183812538665,619.3222040362465,619.3222040362465
0.375,51.610176407523795,619.3221155240336,619.3221155240336
0.4166666666666667,51.61016936663321,619.3220309941231,619.3220309941231
0.4583333333333333,51.61016320739463,619.3219561065347,619.3219561065347
0.5,51.610156810095184,619.3218786153589,619.3218786153589
0.5416666666666666,51.61014987781738,619.3217952733127,619.3217952733127
0.5833333333333334,51.61014192579295,619.3217007786553,619.3217007786553
0.625,51.61013420985461,619.3216088659883,619.3216088659883
0.6666666666666666,51.61012667575162,619.3215189419898,619.3215189419898
0.7083333333333334,51.61011938184886,619.3214316449804,619.3214316449804
0.75,51.61011230124964,619.321346680801,619.321346680801
0.7916666666666666,51.610104739279755,619.3212564520323,619.3212564520323
0.8333333333333334,51.610097216135,619.3211666478819,619.3211666478819
0.875,51.610089937001234,619.3210795123985,619.3210795123985
0.9166666666666666,51.61008310706427,619.3209972896306,619.3209972896306
0.9583333333333334,51.610076867028326,619.3209215184132,619.3209215184132
1.0,51.61006960772011,619.3208345997577,619.3208345997577
1.0416666666666667,103.250136131279,1238.9698970530778,1238.9698970530778
1.0833333333333333,103.22033145044436,1238.6439245867798,1238.6439245867798
1.125,103.22026009193324,1238.643128598161,1238.643128598161
1.1666666666666667,103.22025705801934,1238.643080416544,1238.643080416544
1.2083333333333333,103.22024037288969,1238.6428828536684,1238.6428828536684
1.25,103.2202261606273,1238.6427123658023,1238.6427123658023
1.2916666666666667,103.22021169311742,1238.6425390901354,1238.6425390901354
1.3333333333333333,103.22019781526943,1238.642372258826,1238.642372258826
1.375,103.22018398571217,1238.6422059551667,1238.6422059551667
1.4166666666666667,103.22016974755469,1238.6420351861736,1238.6420351861736
1.4583333333333333,103.22015566770806,1238.6418661471491,1238.6418661471491
1.5,103.22014174617225,1238.6416988380936,1238.6416988380936
1.5416666666666667,103.22012760708843,1238.6415291515245,1238.6415291515245
1.5833333333333333,103.22011345632133,1238.641359337276,1238.641359337276
1.625,103.22009930555423,1238.6411895230276,1238.6411895230276
1.6666666666666667,103.22008515478713,1238.6410197087791,1238.6410197087791
1.7083333333333333,103.22007100402003,1238.6408498945307,1238.6408498945307
1.75,103.22005685325293,1238.6406800802822,1238.6406800802822
1.7916666666666667,103.22004270248583,1238.6405102660335,1238.6405102660335
1.8333333333333333,103.22002855171873,1238.640340451785,1238.640340451785
1.875,103.22001440095163,1238.6401706375366,1238.6401706375366
1.9166666666666667,103.22000024844641,1238.6400008042879,1238.6400008042879
1.9583333333333333,103.21998609302837,1238.6398309391966,1238.6398309391966
2.0,103.21997193761031,1238.6396610741053,1238.6396610741053
2.0416666666666665,154.86022146319328,1858.2907307019307,1858.2907307019307
2.0833333333333335,154.83037142773517,1857.9642271586238,1857.9642271586238
2.125,154.8301578415253,1857.9618826349906,1857.9618826349906
2.1666666666666665,154.8301337213012,1857.9615959814255,1857.9615959814255
2.2083333333333335,154.8300582218017,1857.960748012607,1857.960748012607
2.25,154.8300886462038,1857.9610579727218,1857.9610579727218
2.2916666666666665,154.830060518296,1857.9607277254631,1857.9607277254631
2.3333333333333335,154.83004073476567,1857.9604887751107,1857.9604887751107
2.375,154.83002084583944,1857.9602486787178,1857.9602486787178
2.4166666666666665,154.83000031956425,1857.9600016096201,1857.9600016096201
2.4583333333333335,154.8299798821808,1857.9597555114708,1857.9597555114708
2.5,154.82995880812732,1857.9595024534553,1857.9595024534553
2.5416666666666665,154.82993770104366,1857.9592490342518,1857.9592490342518
2.5833333333333335,154.829916521242,1857.9589948197856,1857.9589948197856
2.625,154.82989526305303,1857.9587397480498,1857.9587397480498
2.6666666666666665,154.8298739264767,1857.9584838190444,1857.9584838190444
2.7083333333333335,154.82985298685125,1857.9582322312415,1857.9582322312415
2.75,154.82983204447248,1857.9579806133302,1857.9579806133302
2.7916666666666665,154.82981107000282,1857.957728644464,1857.957728644464
2.8333333333333335,154.82979006344226,1857.957476324643,1857.957476324643
2.875,154.8297690247908,1857.9572236538675,1857.9572236538675
2.9166666666666665,154.82974795404849,1857.9569706321372,1857.9569706321372
2.9583333333333335,154.82972685121527,1857.9567172594523,1857.9567172594523
3.0,154.82970571629116,1857.9564635358126,1857.9564635358126
3.0416666666666665,206.46990946673972,2477.6070114225367,2477.6070114225367
3.0833333333333335,206.43995538275996,2477.2793898436576,2477.2793898436576
3.125,206.4397990996349,2477.277650455767,2477.277650455767
3.1666666666666665,206.43984329909867,2477.2781037264062,2477.2781037264062
3.2083333333333335,206.43982000118717,2477.2778188215584,2477.2778188215584
3.25,206.43977580234213,2477.2773053286205,2477.2773053286205
3.2916666666666665,206.43974563646913,2477.276945310442,2477.276945310442
3.3333333333333335,206.43971496499006,2477.276579762617,2477.276579762617
3.375,206.43969001118307,2477.2762767472373,2477.2762767472373
3.4166666666666665,206.43966196300704,2477.2759398897015,2477.2759398897015
3.4583333333333335,206.43963413061462,2477.2756053921375,2477.2756053921375
3.5,206.4396059950769,2477.275267579162,2477.275267579162
3.5416666666666665,206.4395777354376,2477.274928408927,2477.274928408927
3.5833333333333335,206.43954941335298,2477.2745885557492,2477.2745885557492
3.625,206.43952106740966,2477.274248441667,2477.274248441667
3.6666666666666665,206.4394927557996,2477.273908703114,2477.273908703114
3.7083333333333335,206.4394644441895,2477.2735689645615,2477.2735689645615
3.75,206.43943613257943,2477.2732292260084,2477.2732292260084
3.7916666666666665,206.43940782096936,2477.2728894874554,2477.2728894874554
3.8333333333333335,206.43937950935927,2477.2725497489027,2477.2725497489027
3.875,206.4393511977492,2477.2722100103497,2477.2722100103497
3.9166666666666665,206.4393228861391,2477.2718702717966,2477.2718702717966
3.9583333333333335,206.43929457452904,2477.2715305332435,2477.2715305332435
4.0,206.43926626291898,2477.271190794691,2477.271190794691
4.041666666666667,258.07945323544374,3096.9215543243085,3096.9215543243085
4.083333333333333,258.0494220156216,3096.5930747739976,3096.5930747739976
4.125,258.04942298513384,3096.593047822381,3096.593047822381
4.166666666666667,258.0493481647131,3096.5921919178536,3096.5921919178536
4.208333333333333,258.0493175156459,3096.5918190882217,3096.5918190882217
4.25,258.0492825075224,3096.5913985870743,3096.5913985870743
4.291666666666667,258.04924821861886,3096.590985949839,3096.590985949839
4.333333333333333,258.0492189944002,3096.59062870376,3096.59062870376
4.375,258.0491869748961,3096.5902408871284,3096.5902408871284
4.416666666666667,258.0491552751205,3096.589856567219,3096.589856567219
4.458333333333333,258.0491203777513,3096.5894372763946,3096.5894372763946
4.5,258.0490864236509,3096.5890283017807,3096.5890283017807
4.541666666666667,258.0490491915444,3096.5885834767396,3096.5885834767396
4.583333333333333,258.04901477284176,3096.588169420939,3096.588169420939
4.625,258.0489777443141,3096.587726822383,3096.587726822383
4.666666666666667,258.0489423983412,3096.587302625356,3096.587302625356
4.708333333333333,258.0489066793944,3096.5868743492492,3096.5868743492492
4.75,258.04887159770476,3096.586453042606,3096.586453042606
4.791666666666667,258.04883696151086,3096.5860366081997,3096.5860366081997
4.833333333333333,258.0488021405266,3096.5856181528115,3096.5856181528115
4.875,258.048766803697,3096.585194055808,3096.585194055808
4.916666666666667,258.0487306199672,3096.584760696559,3096.584760696559
4.958333333333333,258.0486950336581,3096.584333871096,3096.584333871096
5.0,258.0486613534581,3096.583927892087,3096.583927892087
5.041666666666667,309.6888987347628,3716.2348360645055,3716.2348360645055
5.083333333333333,309.65842629764404,3715.901522199452,3715.901522199452
5.125,309.6587773941715,3715.905317422689,3715.905317422689
5.166666666666667,309.65873287089676,3715.9047853392412,3715.9047853392412
5.208333333333333,309.65862972857565,3715.9036121506574,3715.9036121506574
5.25,309.6586386248905,3715.9036642905844,3715.9036642905844
5.291666666666667,309.6584699989296,3715.9017749290347,3715.9017749290347
5.333333333333333,309.6585927940078,3715.903072741398,3715.903072741398
5.375,309.6585104544803,3715.9021270662342,3715.9021270662342
5.416666666666667,309.6584753713094,3715.9016982172916,3715.9016982172916
5.458333333333333,309.65844139369267,3715.901281459461,3715.901281459461
5.5,309.6584135311457,3715.9009315800063,3715.9009315800063
5.541666666666667,309.6583584817709,3715.900284367724,3715.900284367724
5.583333333333333,309.6583113066677,3715.8997232736006,3715.8997232736006
5.625,309.6582635222447,3715.8991555155626,3715.8991555155626
5.666666666666667,309.65822023509014,3715.898636942582,3715.898636942582
5.708333333333333,309.65817561266067,3715.8981037661765,3715.8981037661765
5.75,309.6581324811356,3715.897586895279,3715.897586895279
5.791666666666667,309.65809084051506,3715.8970863298887,3715.8970863298887
5.833333333333333,309.6580505078153,3715.8966000687765,3715.8966000687765
5.875,309.6580072196117,3715.896081484359,3715.896081484359
5.916666666666667,309.6579642378551,3715.895566251452,3715.895566251452
5.958333333333333,309.65792156254554,3715.895054370055,3715.895054370055
6.0,309.657879193683,3715.8945458401686,3715.8945458401686
6.041666666666667,361.2980693623373,4335.5449240384805,4335.5449240384805
6.083333333333333,361.26810077052056,4335.217122268917,4335.217122268917
6.125,361.2679578233048,4335.215503929947,4335.215503929947
6.166666666666667,361.26792784716764,4335.215123081668,4335.215123081668
6.208333333333333,361.2678636486868,4335.214368055535,4335.214368055535
6.25,361.2678221162794,4335.213861413639,4335.213861413639
6.291666666666667,361.26777701956155,4335.213315535752,4335.213315535752
6.333333333333333,361.2677279481763,4335.2127261755795,4335.2127261755795
6.375,361.2676804600713,4335.212154139312,4335.212154139312
6.416666666666667,361.26763065493105,4335.211556754783,4335.211556754783
6.458333333333333,361.26757845250177,4335.210933143544,4335.210933143544
6.5,361.2675287116569,4335.210336462722,4335.210336462722
6.541666666666667,361.26747892931417,4335.209739328055,4335.209739328055
6.583333333333333,361.2674291999204,4335.209142772497,4335.209142772497
6.625,361.2673795950432,4335.2085475787735,4335.2085475787735
6.666666666666667,361.2673300184609,4335.207952694519,4335.207952694519
6.708333333333333,361.2672804701734,4335.207358119734,4335.207358119734
6.75,361.26723095018065,4335.206763854417,4335.206763854417
6.791666666666667,361.26718145848275,4335.20616989857,4335.20616989857
6.833333333333333,361.2671318022988,4335.205574143735,4335.205574143735
6.875,361.2670821336684,4335.204978252781,4335.204978252781
6.916666666666667,361.2670324763618,4335.204382485683,4335.204382485683
6.958333333333333,361.266982830379,4335.20378684244,4335.20378684244
7.0,361.26693319571996,4335.203191323054,4335.203191323054
7.041666666666667,412.9072119775633,4954.854538146379,4954.854538146379
7.083333333333333,412.87710903189424,4954.525252712513,4954.525252712513
7.125,412.8769450200927,4954.523393973091,4954.523393973091
7.166666666666667,412.8769558241914,4954.523453887432,4954.523453887432
7.208333333333333,412.87689580247167,4954.522737236335,4954.522737236335
7.25,412.87683593277944,4954.522022253561,4954.522022253561
7.291666666666667,412.87677919108114,4954.521341481042,4954.521341481042
7.333333333333333,412.87672255427873,4954.520661855649,4954.520661855649
7.375,412.8766659174764,4954.519982230256,4954.519982230256
7.416666666666667,412.87660928067396,4954.519302604863,4954.519302604863
7.458333333333333,412.87655264387155,4954.518622979469,4954.518622979469
7.5,412.8764960070692,4954.517943354076,4954.517943354076
7.541666666666667,412.8764393702668,4954.517263728682,4954.517263728682
7.583333333333333,412.8763827476888,4954.516584259016,4954.516584259016
7.625,412.8763261262096,4954.515904801378,4954.515904801378
7.666666666666667,412.87626950473043,4954.515225343742,4954.515225343742
7.708333333333333,412.8762128832513,4954.514545886104,4954.514545886104
7.75,412.8761562617721,4954.513866428467,4954.513866428467
7.791666666666667,412.8760996402929,4954.513186970829,4954.513186970829
7.833333333333333,412.87604301881373,4954.512507513192,4954.512507513192
7.875,412.87598639733454,4954.511828055554,4954.511828055554
7.916666666666667,412.8759297758554,4954.511148597918,4954.511148597918
7.958333333333333,412.8758731543762,4954.51046914028,4954.51046914028
8.0,412.87581653289703,4954.509789682643,4954.509789682643
8.041666666666666,464.5160851836697,5574.161011879654,5574.161011879654
8.083333333333334,464.48600041008325,5573.831919750891,5573.831919750891
8.125,464.4857717034271,5573.829351961435,5573.829351961435
8.166666666666666,464.485796954376,5573.829560533808,5573.829560533808
8.208333333333334,464.4856446600901,5573.827827229368,5573.827827229368
8.25,464.48566937088344,5573.828029728633,5573.828029728633
8.291666666666666,464.4856355576522,5573.82759219134,5573.82759219134
8.333333333333334,464.4855572290927,5573.826667804348,5573.826667804348
8.375,464.48548400819044,5573.825799278104,5573.825799278104
8.416666666666666,464.48541737974017,5573.825002851491,5573.825002851491
8.458333333333334,464.4853513406213,5573.824212870214,5573.824212870214
8.5,464.4852916423778,5573.823492237043,5573.823492237043
8.541666666666666,464.4852283208059,5573.822731976718,5573.822731976718
8.583333333333334,464.4851662581561,5573.821985484828,5573.821985484828
8.625,464.4851029424937,5573.82122528915,5573.82122528915
8.666666666666666,464.48503959224246,5573.820464715193,5573.820464715193
8.708333333333334,464.4849769884572,5573.819712305109,5573.819712305109
8.75,464.48491406665227,5573.8189564169525,5573.8189564169525
8.791666666666666,464.4848508268276,5573.818197050727,5573.818197050727
8.833333333333334,464.48478726898327,5573.817434206429,5573.817434206429
8.875,464.48472339311917,5573.816667884062,5573.816667884062
8.916666666666666,464.4846591992354,5573.815898083624,5573.815898083624
8.958333333333334,464.4845946873319,5573.815124805115,5573.815124805115
9.0,464.48452985740863,5573.814348048535,5573.814348048535
9.041666666666666,516.1247372571173,6193.464902454926,6193.464902454926
9.083333333333334,516.0946609148859,6193.13588708069,6193.13588708069
9.125,516.0946033415088,6193.13518185791,6193.13518185791
9.166666666666666,516.0944884402535,6193.133849954261,6193.133849954261
9.208333333333334,516.0946515216743,6193.135558208475,6193.135558208475
9.25,516.0943022076744,6193.131662675359,6193.131662675359
9.291666666666666,516.0941577887195,6193.130007950746,6193.130007950746
9.333333333333334,516.0941108568737,6193.129419413788,6193.129419413788
9.375,516.0941154494965,6193.129394382105,6193.129394382105
9.416666666666666,516.0940624490262,6193.128739474603,6193.128739474603
9.458333333333334,516.0939679936846,6193.1276311892825,6193.1276311892825
9.5,516.0939008125864,6193.126821192429,6193.126821192429
9.541666666666666,516.093842978248,6193.1261134180495,6193.1261134180495
9.583333333333334,516.0937787143091,6193.12533532566,6193.12533532566
9.625,516.0937116026374,6193.124526088523,6193.124526088523
9.666666666666666,516.093639740531,6193.123664897444,6193.123664897444
9.708333333333334,516.0935701497871,6193.122828547582,6193.122828547582
9.75,516.0934999125559,6193.1219851272635,6193.1219851272635
9.791666666666666,516.093427885105,6193.121122127807,6193.121122127807
9.833333333333334,516.0933596928475,6193.1203010727495,6193.1203010727495
9.875,516.093289209211,6193.119454957581,6193.119454957581
9.916666666666666,516.0932154037095,6193.1185725121895,6193.1185725121895
9.958333333333334,516.0931451178326,6193.117728559875,6193.117728559875
10.0,516.0930739828418,6193.116875321078,6193.116875321078
