time,ASkin,ARestBody,[ARestBody]
0.0,0.0,0.0,0.0
0.041666666666666664,855.473640008096,142.96573023807272,142.96573023807272
0.08333333333333333,731.8351498522235,262.27017031578794,262.27017031578794
0.125,626.0656623821402,361.3959336537562,361.3959336537562
0.16666666666666666,535.5827124312844,443.3208679746706,443.3208679746706
0.20833333333333334,458.1769909816297,510.5912475052002,510.5912475052002
0.25,391.95839341403143,565.3841908751355,565.3841908751355
0.2916666666666667,335.3101117901883,609.5607796733118,609.5607796733118
0.3333333333333333,286.84900389183156,644.7119151054958,644.7119151054958
0.375,245.39179089491844,672.1974270431621,672.1974270431621
0.4166666666666667,209.92623519853555,693.1794217326575,693.1794217326575
0.4583333333333333,179.58638325987127,708.6509255376828,708.6509255376828
0.5,153.6314356993911,719.460331299445,719.460331299445
0.5416666666666666,131.42765998578608,726.3323242436021,726.3323242436021
0.5833333333333334,112.43291267106471,729.8857882231677,729.8857882231677
0.625,96.18340582328281,730.6491151799005,730.6491151799005
0.6666666666666666,82.28237892839942,729.073309779763,729.073309779763
0.7083333333333334,70.39041509062837,725.543191404429,725.543191404429
0.75,60.21715214101988,720.3869821049333,720.3869821049333
0.7916666666666666,51.51419273059799,713.8845072189088,713.8845072189088
0.8333333333333334,44.06903943103009,706.2742099694295,706.2742099694295
0.875,37.69990626050947,697.759151978206,697.759151978206
0.9166666666666666,32.25128023224869,688.5121459571797,688.5121459571797
0.9583333333333334,27.590123695686163,678.6801469734302,678.6801469734302
1.0,23.60262655162624,668.3880074930686,668.3880074930686
1.0416666666666667,875.6616406020015,800.7114112152107,800.7114112152107
1.0833333333333333,749.1069249011845,909.1029033027651,909.1029033027651
1.125,640.8431406111124,997.1271860698415,997.1271860698415
1.1666666666666667,548.224982830475,1067.8285392732066,1067.8285392732066
1.2083333333333333,468.9917074678625,1123.8065982463752,1123.8065982463752
1.25,401.2098143222183,1167.2826716295003,1167.2826716295003
1.2916666666666667,343.22317200101935,1200.1574451332062,1200.1574451332062
1.3333333333333333,293.6182230263484,1224.051239585677,1224.051239585677
1.375,251.1829619672538,1240.3514712839974,1240.3514712839974
1.4166666666666667,214.88019126075272,1250.2435928505452,1250.2435928505452
1.4583333333333333,183.82395241849267,1254.7383596019733,1254.7383596019733
1.5,157.25646398418024,1254.6985092044383,1254.6985092044383
1.5416666666666667,134.52901449849827,1250.8608649929442,1250.8608649929442
1.5833333333333333,115.08631252594208,1243.8544391374958,1243.8544391374958
1.625,98.4534681548301,1234.2154910400723,1234.2154910400723
1.6666666666666667,84.22446069788555,1222.4008660610511,1222.4008660610511
1.7083333333333333,72.05194628226434,1208.7997838402816,1208.7997838402816
1.75,61.638688778034265,1193.7437482850937,1193.7437482850937
1.7916666666666667,52.730385741566586,1177.5148434620198,1177.5148434620198
1.8333333333333333,45.10953493793441,1160.3528255123047,1160.3528255123047
1.875,38.59008968876415,1142.4613018755772,1142.4613018755772
1.9166666666666667,33.01287294990175,1124.013032650004,1124.013032650004
1.9583333333333333,28.24169951661987,1105.1544126554227,1105.1544126554227
2.0,24.160072702329852,1086.009288855353,1086.009288855353
2.0416666666666665,876.1379894097549,1209.6526448687168,1209.6526448687168
2.0833333333333335,749.5151066781773,1309.533153189106,1309.533153189106
2.125,641.1914574577407,1389.2170317143734,1389.2170317143734
2.1666666666666665,548.5220887549032,1451.744374438963,1451.744374438963
2.2083333333333335,469.24591017493015,1499.7115187860243,1499.7115187860243
2.25,401.42475538493767,1535.3415485890614,1535.3415485890614
2.2916666666666665,343.4082606444019,1560.524929400892,1560.524929400892
2.3333333333333335,293.7770632175363,1576.88522651818,1576.88522651818
2.375,251.31826958367463,1585.8074843248894,1585.8074843248894
2.4166666666666665,214.99633131202472,1588.4719190898004,1588.4719190898004
2.4583333333333335,183.92367729417202,1585.8878935849007,1585.8878935849007
2.5,157.341866546732,1578.91571842413,1578.91571842413
2.5416666666666665,134.60185354583382,1568.2894802328624,1568.2894802328624
2.5833333333333335,115.14835431601607,1554.635124873985,1554.635124873985
2.625,98.50665304416451,1538.4857167871173,1538.4857167871173
2.6666666666666665,84.27013765102562,1520.2958548668798,1520.2958548668798
2.7083333333333335,72.09100733846704,1500.4524181550844,1500.4524181550844
2.75,61.6719892117267,1479.2841439953643,1479.2841439953643
2.7916666666666665,52.75883397465577,1457.0703047905126,1457.0703047905126
2.8333333333333335,45.13390396865313,1434.0481208978574,1434.0481208978574
2.875,38.6109476002063,1410.4188008530216,1410.4188008530216
2.9166666666666665,33.03069346773595,1386.3526332192068,1386.3526332192068
2.9583333333333335,28.256928563489435,1361.9935184094709,1361.9935184094709
3.0,24.1731026582134,1337.46289176346,1337.46289176346
3.0416666666666665,876.1512723354199,1455.8309593440547,1455.8309593440547
3.0833333333333335,749.5268696335155,1550.5488577084498,1550.5488577084498
3.125,641.2006169493928,1625.1797096086252,1625.1797096086252
3.1666666666666665,548.5300997199691,1682.7584033640862,1682.7584033640862
3.2083333333333335,469.25169547908945,1725.881980745568,1725.881980745568
3.25,401.4317316692234,1756.766146081161,1756.766146081161
3.2916666666666665,343.41382221571274,1777.306201675423,1777.306201675423
3.3333333333333335,293.7809993886768,1789.1208541756262,1789.1208541756262
3.375,251.32150498601777,1793.5917902536796,1793.5917902536796
3.4166666666666665,214.99858991027216,1791.8986144288149,1791.8986144288149
3.4583333333333335,183.92532671686806,1785.0479856435938,1785.0479856435938
3.5,157.34301577941122,1773.8985958159449,1773.8985958159449
3.5416666666666665,134.60258844850122,1759.1826805934163,1759.1826805934163
3.5833333333333335,115.14878450701744,1741.524320000747,1741.524320000747
3.625,98.50659525339931,1721.4551175838421,1721.4551175838421
3.6666666666666665,84.26966397510537,1699.427614727918,1699.427614727918
3.7083333333333335,72.09036391952101,1675.8267640230272,1675.8267640230272
3.75,61.67131017838768,1650.9797435384187,1650.9797435384187
3.7916666666666665,52.75809827958683,1625.1643517714504,1625.1643517714504
3.8333333333333335,45.13309230007209,1598.6161882991926,1598.6161882991926
3.875,38.61011077429051,1571.5347956992696,1571.5347956992696
3.9166666666666665,33.02988063855131,1544.0889128883605,1544.0889128883605
3.9583333333333335,28.25614634249996,1516.4209704774353,1516.4209704774353
4.0,24.172349452960702,1488.650926144823,1488.650926144823
4.041666666666667,876.1504408830099,1603.84766006757,1603.84766006757
4.083333333333333,749.5261343406482,1695.4605420557475,1695.4605420557475
4.125,641.2000737038602,1767.0513977305231,1767.0513977305231
4.166666666666667,548.5296166609868,1821.6540125160523,1821.6540125160523
4.208333333333333,469.2513612395701,1861.8638356724896,1861.8638356724896
4.25,401.4314201124338,1889.8955106112526,1889.8955106112526
4.291666666666667,343.41356307924065,1907.642877103677,1907.642877103677
4.333333333333333,293.78078190719623,1916.7234335381938,1916.7234335381938
4.375,251.32131991544546,1918.5176359873258,1918.5176359873258
4.416666666666667,214.9984222363591,1914.2038925807592,1914.2038925807592
4.458333333333333,183.92518803081398,1904.7876536632618,1904.7876536632618
4.5,157.34290055569448,1891.1264778371494,1891.1264778371494
4.541666666666667,134.60249238014316,1873.951470412748,1873.951470412748
4.583333333333333,115.14870416281211,1853.8856051556027,1853.8856051556027
4.625,98.50652788218275,1831.4594027634955,1831.4594027634955
4.666666666666667,84.26960736426153,1807.1243446354842,1807.1243446354842
4.708333333333333,72.09031627280359,1781.2643457389497,1781.2643457389497
4.75,61.67127002789219,1754.2055683782844,1754.2055683782844
4.791666666666667,52.75806441814216,1726.2248166638083,1726.2248166638083
4.833333333333333,45.13306372872497,1697.5567166991063,1697.5567166991063
4.875,38.610086661871904,1668.399858050466,1668.399858050466
4.916666666666667,33.029859668934456,1638.9220473643509,1638.9220473643509
4.958333333333333,28.256128748804333,1609.2648001994191,1609.2648001994191
5.0,24.17233478297999,1579.547180921142,1579.547180921142
5.041666666666667,876.1503301152646,1692.837312788051,1692.837312788051
5.083333333333333,749.5260430027871,1782.5834517273033,1782.5834517273033
5.125,641.2000273105127,1852.3466926548533,1852.3466926548533
5.166666666666667,548.5295683135824,1905.1600833830132,1905.1600833830132
5.208333333333333,469.2513584629545,1943.6181598373364,1943.6181598373364
5.25,401.4314042016617,1969.9349010697654,1969.9349010697654
5.291666666666667,343.4135527686596,1986.0032864014709,1986.0032864014709
5.333333333333333,293.7807751006456,1993.4400837195124,1993.4400837195124
5.375,251.3213088425735,1993.6250168614479,1993.6250168614479
5.416666666666667,214.99841369850753,1987.7357537992127,1987.7357537992127
5.458333333333333,183.9251828459703,1976.7770436734081,1976.7770436734081
5.5,157.34289763978563,1961.6057540140741,1961.6057540140741
5.541666666666667,134.6024910032082,1942.9523109919621,1942.9523109919621
5.583333333333333,115.14870380855717,1921.439023633211,1921.439023633211
5.625,98.50652818931891,1897.5957619030294,1897.5957619030294
5.666666666666667,84.2696080863879,1871.873370160881,1871.873370160881
5.708333333333333,72.0903172418308,1844.65513973718,1844.65513973718
5.75,61.67127113058934,1816.2666224065326,1816.2666224065326
5.791666666666667,52.758065579376094,1786.9840245745318,1786.9840245745318
5.833333333333333,45.1330648993793,1757.0413871910578,1757.0413871910578
5.875,38.610087810497774,1726.6367269524092,1726.6367269524092
5.916666666666667,33.02986032928297,1695.937290174195,1695.937290174195
5.958333333333333,28.256129564069848,1665.0840420651027,1665.0840420651027
6.0,24.172335665389316,1634.1955102844306,1634.1955102844306
6.041666666666667,876.1502766037981,1746.3393573224002,1746.3393573224002
6.083333333333333,749.5260116876141,1834.9631671457935,1834.9631671457935
6.125,641.2000071960362,1903.6276339596122,1903.6276339596122
6.166666666666667,548.5295465292946,1955.3653139910978,1955.3653139910978
6.208333333333333,469.2513605029733,1992.7702153236432,1992.7702153236432
6.25,401.4313984553512,2018.0559097535815,2018.0559097535815
6.291666666666667,343.41354953868637,2033.11486466372,2033.11486466372
6.333333333333333,293.7807734185437,2039.5634073014985,2039.5634073014985
6.375,251.3213037045315,2038.780821994311,2038.780821994311
6.416666666666667,214.99841076035605,2031.9443295226856,2031.9443295226856
6.458333333333333,183.92518141848782,2020.058260629968,2020.058260629968
6.5,157.34289719621364,2003.9790658512914,2003.9790658512914
6.541666666666667,134.60249119723923,1984.436763084941,1984.436763084941
6.583333333333333,115.14870439808011,1962.0532617327426,1962.0532617327426
6.625,98.50652900791644,1937.3580405489006,1937.3580405489006
6.666666666666667,84.26960902373492,1910.801560909097,1910.801560909097
6.708333333333333,72.09031822529178,1882.766739213693,1882.766739213693
6.75,61.671272113626685,1853.578760184596,1853.578760184596
6.791666666666667,52.75806653329764,1823.5134708832265,1823.5134708832265
6.833333333333333,45.13306580740619,1792.8045604596375,1792.8045604596375
6.875,38.61008866370317,1761.6497011943638,1761.6497011943638
6.916666666666667,33.02986088136169,1730.2158024950027,1730.2158024950027
6.958333333333333,28.256130169365886,1698.6434987674143,1698.6434987674143
7.0,24.1723362816095,1667.0509949446955,1667.0509949446955
7.041666666666667,876.1502461020635,1778.505674626928,1778.505674626928
7.083333333333333,749.5243025508762,1866.4566743490818,1866.4566743490818
7.125,641.1979201484039,1934.460983996452,1934.460983996452
7.166666666666667,548.5274139781721,1985.5519802236256,1985.5519802236256
7.208333333333333,469.2504699287682,2022.3222737964522,2022.3222737964522
7.25,401.43041176348964,2046.9881914404914,2046.9881914404914
7.291666666666667,343.4123022652819,2061.4405634158566,2061.4405634158566
7.333333333333333,293.78049531835194,2067.2938308377406,2067.2938308377406
7.375,251.32153198881448,2065.9289692701273,2065.9289692701273
7.416666666666667,214.99830146529808,2058.5233789292483,2058.5233789292483
7.458333333333333,183.92500254259872,2046.0798481767536,2046.0798481767536
7.5,157.34323106838022,2029.4542133877187,2029.4542133877187
7.541666666666667,134.60329296002263,2009.3769727134888,2009.3769727134888
7.583333333333333,115.14961736780003,1986.4701560687272,1986.4701560687272
7.625,98.50749064940221,1961.2626667529714,1961.2626667529714
7.666666666666667,84.27068171607797,1934.2045914234811,1934.2045914234811
7.708333333333333,72.09145639412188,1905.6787459840778,1905.6787459840778
7.75,61.67238919068735,1876.0101419123112,1876.0101419123112
7.791666666666667,52.75914218566225,1845.4743336077895,1845.4743336077895
7.833333333333333,45.13410921514921,1814.3047645787196,1814.3047645787196
7.875,38.61108796586166,1782.698924385105,1782.698924385105
7.916666666666667,33.03079919337898,1750.823525527121,1750.823525527121
7.958333333333333,28.257003161860837,1718.8189894157154,1718.8189894157154
8.0,24.173147806551615,1686.8033172134672,1686.8033172134672
8.041666666666666,876.1509222209851,1797.8437931132348,1797.8437931132348
8.083333333333334,749.5248858935072,1885.389230806572,1885.389230806572
8.125,641.1984234320682,1952.9964733570953,1952.9964733570953
8.166666666666666,548.5278396306345,2003.6987308370142,2003.6987308370142
8.208333333333334,469.2508343352871,2040.0884231081343,2040.0884231081343
8.25,401.43072780433346,2064.3817098520035,2064.3817098520035
8.291666666666666,343.41256301628476,2078.4692767360425,2078.4692767360425
8.333333333333334,293.78071590016214,2083.9653753811363,2083.9653753811363
8.375,251.32172418168156,2082.2508246607094,2082.2508246607094
8.416666666666666,214.99843590886474,2074.5029151967433,2074.5029151967433
8.458333333333334,183.92507803916385,2061.7242488847437,2061.7242488847437
8.5,157.34328947919212,2044.7704616352862,2044.7704616352862
8.541666666666666,134.60336091270258,2024.3719217188875,2024.3719217188875
8.583333333333334,115.14967762867099,2001.1505653853162,2001.1505653853162
8.625,98.507538565474,1975.6351400036774,1975.6351400036774
8.666666666666666,84.27082419999635,1948.2754647389015,1948.2754647389015
8.708333333333334,72.09182567024469,1919.4541907089163,1919.4541907089163
8.75,61.672721210980015,1889.496655217479,1889.496655217479
8.791666666666666,52.75934208881264,1858.678087024927,1858.678087024927
8.833333333333334,45.13427089181603,1827.2315840925146,1827.2315840925146
8.875,38.61123116321947,1795.3545972780935,1795.3545972780935
8.916666666666666,33.03089355693058,1763.2137751727068,1763.2137751727068
8.958333333333334,28.257077902226854,1730.9493509492265,1730.9493509492265
9.0,24.173301794521166,1698.6791283648763,1698.6791283648763
9.041666666666666,876.1510432333367,1809.4705220143296,1809.4705220143296
9.083333333333334,749.5249923104684,1896.7720814132933,1896.7720814132933
9.125,641.1985170265783,1964.1405597598966,1964.1405597598966
9.166666666666666,548.5279168266295,2014.609066005248,2014.609066005248
9.208333333333334,469.2509005029182,2050.7699045945715,2050.7699045945715
9.25,401.4307870811588,2074.8391337676935,2074.8391337676935
9.291666666666666,343.41260795895124,2088.7073518833686,2088.7073518833686
9.333333333333334,293.78075283663827,2093.9886960364497,2093.9886960364497
9.375,251.32175787604783,2092.0638903811446,2092.0638903811446
9.416666666666666,214.998445050841,2084.1101611992826,2084.1101611992826
9.458333333333334,183.92505851754473,2071.129997970652,2071.129997970652
9.5,157.34326814716718,2053.9789102105456,2053.9789102105456
9.541666666666666,134.60335486994717,2033.3871887912671,2033.3871887912671
9.583333333333334,115.14967416735789,2009.9767176258144,2009.9767176258144
9.625,98.50753275215116,1984.2761500915078,1984.2761500915078
9.666666666666666,84.27087170037332,1956.7351520268603,1956.7351520268603
9.708333333333334,72.0916541887346,1927.7366725319293,1927.7366725319293
9.75,61.67248007821754,1897.6054813262886,1897.6054813262886
9.791666666666666,52.75919521644218,1866.616712215005,1866.616712215005
9.833333333333334,45.13434453793433,1835.0034302825668,1835.0034302825668
9.875,38.61135932206774,1802.9633496863803,1802.9633496863803
9.916666666666666,33.030954286961276,1770.6629947559957,1770.6629947559957
9.958333333333334,28.2571149311122,1738.2423352462597,1738.2423352462597
10.0,24.17328018354219,1705.8191956905716,1705.8191956905716
