time,ABlood,[ABlood]
0.0,0.0,0.0
0.041666666666666664,0.18086552071071624,0.03136215028796883
0.08333333333333333,0.09984826309615152,0.01731372691107188
0.125,0.04394773104552848,0.00762055332851196
0.16666666666666666,0.01747980184841992,0.003031004308725493
0.20833333333333334,0.006562493390500419,0.001137938857378259
0.25,0.00237347418262888,0.00041156132870277085
0.2916666666666667,0.0008362643000224225,0.00014500854864269507
0.3333333333333333,0.0002890041633450601,5.0113432173584205e-05
0.375,9.840137185428499e-05,1.7062835417770935e-05
0.4166666666666667,3.311083284263293e-05,5.741431046060852e-06
0.4583333333333333,1.1034975605588406e-05,1.913468979640785e-06
0.5,3.648538229486471e-06,6.326579208403798e-07
0.5416666666666666,1.198278907528421e-06,2.0778201968587147e-07
0.5833333333333334,3.913038783963323e-07,6.785224178885595e-08
0.625,1.2715295099420045e-07,2.204837020880882e-08
0.6666666666666666,4.114044031249491e-08,7.133768044476315e-09
0.7083333333333334,1.3260700402448371e-08,2.299410508487666e-09
0.75,4.2599622713556934e-09,7.386790829470597e-10
0.7916666666666666,1.3644060249573487e-09,2.365885252223597e-10
0.8333333333333334,4.3582587815894673e-10,7.557237353198314e-11
0.875,1.3887610861360293e-10,2.4081170212173213e-11
0.9166666666666666,4.41555365705293e-11,7.656586885820929e-12
0.9583333333333334,1.4011058029833274e-11,2.4295228073232658e-12
1.0,4.4377113390765275e-12,7.695008390977158e-13
1.0416666666666667,0.18086552579913343,0.03136215117030231
1.0833333333333333,0.09984854752798578,0.017313776231660444
1.125,0.043947839791002516,0.007620572185018644
1.1666666666666667,0.017479826985198708,0.003031008667452524
1.2083333333333333,0.0065624940324718216,0.001137938968696345
1.25,0.0023734709078799578,0.0004115607608600586
1.2916666666666667,0.000836261826583047,0.0001450081197473638
1.3333333333333333,0.00028900283519650365,5.0113201872117844e-05
1.375,9.840075830462975e-05,1.706272902802666e-05
1.4166666666666667,3.311057013161164e-05,5.74138549186954e-06
1.4583333333333333,1.1034869188652652e-05,1.9134505269035286e-06
1.5,3.6484969158189977e-06,6.326507570346796e-07
1.5416666666666667,1.1982632342286168e-06,2.0777930192970636e-07
1.5833333333333333,3.9129806524117155e-07,6.785123378553347e-08
1.625,1.2715084547222655e-07,2.2048005110495324e-08
1.6666666666666667,4.113968665527922e-08,7.133637360027609e-09
1.7083333333333333,1.3260434004851373e-08,2.299364315042721e-09
1.75,4.2598693263618295e-09,7.386629662496669e-10
1.7916666666666667,1.364373848031763e-09,2.365829457311883e-10
1.8333333333333333,4.358148081496792e-10,7.557045398815314e-11
1.875,1.388723383941869e-10,2.4080516454688206e-11
1.9166666666666667,4.415426111160502e-11,7.656365720756895e-12
1.9583333333333333,1.4010628217500485e-11,2.429448277700795e-12
2.0,4.437567363469572e-12,7.694758736725459e-13
2.0416666666666665,0.18086625780361268,0.03136227810015826
2.0833333333333335,0.09984873977882965,0.01731380956803011
2.125,0.043947600840021264,0.007620530750827338
2.1666666666666665,0.017479737764632703,0.0030309931965723427
2.2083333333333335,0.00656248484406655,0.0011379373754233657
2.25,0.0023734805714878096,0.0004115624365333465
2.2916666666666665,0.0008362706472969093,0.00014500964926251247
2.3333333333333335,0.00028900796400585776,5.011409120961639e-05
2.375,9.840325396576522e-05,1.7063161776619596e-05
2.4166666666666665,3.311167030429632e-05,5.741576262232758e-06
2.4583333333333335,1.103532497817327e-05,1.913529560980279e-06
2.5,3.648678224111909e-06,6.326821959618361e-07
2.5416666666666665,1.198332892748462e-06,2.0779138074362093e-07
2.5833333333333335,3.9132413976817536e-07,6.785575511846287e-08
2.625,1.2716040864118878e-07,2.2049663367641542e-08
2.6666666666666665,4.114314276220698e-08,7.134236650287319e-09
2.7083333333333335,1.3261663510593474e-08,2.2995775118074342e-09
2.75,4.260301438179942e-09,7.387378946037702e-10
2.7916666666666665,1.3645243312620553e-09,2.366090395807274e-10
2.8333333333333335,4.3586678227319514e-10,7.557946632099793e-11
2.875,1.3889012690321796e-10,2.4083600988940166e-11
2.9166666666666665,4.416030678388584e-11,7.657414042636698e-12
2.9583333333333335,1.401267273043684e-11,2.429802797023901e-12
3.0,4.438254777195623e-12,7.695950714748782e-13
3.0416666666666665,0.18086625323162323,0.031362277307373544
3.0833333333333335,0.09984874827038916,0.017313811040469765
3.125,0.04394760864592399,0.007620532104373849
3.1666666666666665,0.01747974042531548,0.0030309936579357515
3.2083333333333335,0.006562485037554999,0.0011379374089743365
3.25,0.0023734803136669157,0.0004115623918271052
3.2916666666666665,0.0008362704266580086,0.0001450096110036429
3.3333333333333335,0.0002890078182693054,5.011406593884261e-05
3.375,9.840319085561045e-05,1.7063150833294682e-05
3.4166666666666665,3.3111644038649555e-05,5.74157170775959e-06
3.4583333333333335,1.1035314201358858e-05,1.913527692276549e-06
3.5,3.648673441500862e-06,6.326813666552561e-07
3.5416666666666665,1.1983311803385612e-06,2.077910838110909e-07
3.5833333333333335,3.9132353041052985e-07,6.785564945561467e-08
3.625,1.2716018470894364e-07,2.204962453770481e-08
3.6666666666666665,4.114305471942051e-08,7.13422138363456e-09
3.7083333333333335,1.326163360415595e-08,2.299572326019759e-09
3.75,4.260291423334318e-09,7.387361580257183e-10
3.7916666666666665,1.3645207529044718e-09,2.366084190921574e-10
3.8333333333333335,4.358654875364545e-10,7.557924181315319e-11
3.875,1.3888969594870023e-10,2.408352626126239e-11
3.9166666666666665,4.4160167181462397e-11,7.657389835523216e-12
3.9583333333333335,1.4012623900134484e-11,2.429794329830845e-12
4.0,4.438237924169269e-12,7.695921491536793e-13
4.041666666666667,0.18086624937712592,0.03136227663900224
4.083333333333333,0.09984875303834159,0.01731381186723454
4.125,0.043947612413186024,0.007620532757618523
4.166666666666667,0.017479741628154313,0.003030993866508464
4.208333333333333,0.0065624851225067555,0.0011379374237050037
4.25,0.0023734801933407513,0.00041156237096250234
4.291666666666667,0.0008362703259130384,0.00014500959353442664
4.333333333333333,0.00028900776108853977,5.011405602367604e-05
4.375,9.840316092635746e-05,1.7063145643550797e-05
4.416666666666667,3.311163191067733e-05,5.741569604764579e-06
4.458333333333333,1.1035309341848142e-05,1.913526849635537e-06
4.5,3.6486715185269385e-06,6.326810332108442e-07
4.541666666666667,1.1983303389106747e-06,2.0779093790717437e-07
4.583333333333333,3.91323245412035e-07,6.785560003676695e-08
4.625,1.2716008459653793e-07,2.2049607178175464e-08
4.666666666666667,4.114301882943223e-08,7.134215160296901e-09
4.708333333333333,1.3261619241228431e-08,2.299569835482648e-09
4.75,4.2602866375078325e-09,7.3873532816158e-10
4.791666666666667,1.36451918252925e-09,2.366081467884949e-10
4.833333333333333,4.358649537195766e-10,7.557914924910293e-11
4.875,1.3888950037115867e-10,2.4083492348042077e-11
4.916666666666667,4.416009847796507e-11,7.657377922310571e-12
4.958333333333333,1.4012602423657126e-11,2.4297906058014783e-12
5.0,4.438230894935819e-12,7.695909302819176e-13
5.041666666666667,0.18086624569383092,0.031362276000317484
5.083333333333333,0.09984875640111819,0.017313812450341283
5.125,0.043947614595718554,0.007620533136070496
5.166666666666667,0.017479742236525958,0.003030993972000339
5.208333333333333,0.006562485165720924,0.0011379374311983569
5.25,0.002373480128652185,0.00041156235974548034
5.291666666666667,0.0008362702725245448,0.00014500958427684146
5.333333333333333,0.00028900773116499306,5.011405083492163e-05
5.375,9.840314516910058e-05,1.7063142911236443e-05
5.416666666666667,3.311162553308518e-05,5.741568498887667e-06
5.458333333333333,1.103530680914835e-05,1.9135264104644267e-06
5.5,3.6486705260742716e-06,6.326808611191731e-07
5.541666666666667,1.198329911149081e-06,2.0779086373315084e-07
5.583333333333333,3.9132309404958667e-07,6.785557379046066e-08
5.625,1.2716003234346343e-07,2.2049598117472415e-08
5.666666666666667,4.11430003740957e-08,7.134211960134506e-09
5.708333333333333,1.3261612659277313e-08,2.2995686941698132e-09
5.75,4.260284033797656e-09,7.387348766772423e-10
5.791666666666667,1.3645183528501243e-09,2.36608002921818e-10
5.833333333333333,4.358646783592285e-10,7.557910150151352e-11
5.875,1.3888940667353358e-10,2.4083476100838143e-11
5.916666666666667,4.4160063093319257e-11,7.657371786599489e-12
5.958333333333333,1.4012590814641087e-11,2.4297885927936686e-12
6.0,4.438227230479268e-12,7.695902948637538e-13
6.041666666666667,0.18086624215940283,0.0313622753874463
6.083333333333333,0.09984875886446012,0.017313812877485714
6.125,0.043947615764329616,0.007620533338708099
6.166666666666667,0.017479742463933908,0.0030309940114329648
6.208333333333333,0.006562485182391523,0.001137937434089045
6.25,0.002373480099889343,0.0004115623547579925
6.291666666666667,0.0008362702493918082,0.00014500958026561608
6.333333333333333,0.0002890077185285923,5.011404864376493e-05
6.375,9.840313896122886e-05,1.706314183478912e-05
6.416666666666667,3.3111622936383685e-05,5.7415680486186385e-06
6.458333333333333,1.1035305771741965e-05,1.9135262305777638e-06
6.5,3.6486701224249943e-06,6.326807911262345e-07
6.541666666666667,1.1983297571590184e-06,2.0779083703121526e-07
6.583333333333333,3.913230337658146e-07,6.78555633372316e-08
6.625,1.271600113535936e-07,2.204959447782098e-08
6.666666666666667,4.114299298403333e-08,7.134210678694872e-09
6.708333333333333,1.326161004392668e-08,2.2995682406670155e-09
6.75,4.260283000685327e-09,7.387346975351703e-10
6.791666666666667,1.3645180215536847e-09,2.3660794547488896e-10
6.833333333333333,4.3586456879584906e-10,7.557908250318173e-11
6.875,1.3888936967550644e-10,2.408346968536612e-11
6.916666666666667,4.416005047369401e-11,7.657369598351656e-12
6.958333333333333,1.4012586161287948e-11,2.4297877859004587e-12
7.0,4.438225771305053e-12,7.695900418423881e-13
7.041666666666667,0.18086623874973248,0.031362274796208164
7.083333333333333,0.09984876070334799,0.01731381319634957
7.125,0.04394761622268087,0.007620533418186382
7.166666666666667,0.017479742428919556,0.0030309940053614625
7.208333333333333,0.006562485180567553,0.0011379374337727678
7.25,0.0023734800962836667,0.0004115623541327668
7.291666666666667,0.000836270247448705,0.0001450095799286813
7.333333333333333,0.0002890077179831052,5.011404854917724e-05
7.375,9.84031395242044e-05,1.7063141932409292e-05
7.416666666666667,3.3111623010535646e-05,5.741568061476616e-06
7.458333333333333,1.103530578472887e-05,1.9135262328296983e-06
7.5,3.6486701303251905e-06,6.326807924961315e-07
7.541666666666667,1.1983297626092217e-06,2.0779083797628258e-07
7.583333333333333,3.913230390129723e-07,6.785556424709074e-08
7.625,1.2716001254370214e-07,2.2049594684186256e-08
7.666666666666667,4.114299335416511e-08,7.1342107428758645e-09
7.708333333333333,1.3261610190370635e-08,2.2995682660604536e-09
7.75,4.260283131090461e-09,7.387347201474702e-10
7.791666666666667,1.3645180506380366e-09,2.3660795051812664e-10
7.833333333333333,4.3586457663044903e-10,7.557908386170436e-11
7.875,1.3888937225905536e-10,2.408347013335449e-11
7.916666666666667,4.4160051425832543e-11,7.657369763452842e-12
7.958333333333333,1.4012586692015242e-11,2.429787877928774e-12
8.0,4.438225902797399e-12,7.695900646432111e-13
8.041666666666666,0.1808662354412465,0.03136227422251543
8.083333333333334,0.0998487620834085,0.01731381343565259
8.125,0.04394761614747618,0.00762053340514586
8.166666666666666,0.017479742202748793,0.0030309939661433663
8.208333333333334,0.0065624851648981505,0.0011379374310556876
8.25,0.002373480111427094,0.0004115623567586429
8.291666666666666,0.0008362702614426948,0.00014500958235524447
8.333333333333334,0.0002890077265682229,5.0114050037839935e-05
8.375,9.840314504657456e-05,1.7063142889990387e-05
8.416666666666666,3.311162506680201e-05,5.741568418033988e-06
8.458333333333334,1.1035306584962648e-05,1.9135263715905404e-06
8.5,3.648670448498974e-06,6.326808476675869e-07
8.541666666666666,1.1983299112198245e-06,2.077908637454178e-07
8.583333333333334,3.9132309249906406e-07,6.785557352159946e-08
8.625,1.2716003026420266e-07,2.2049597756927805e-08
8.666666666666666,4.114299955736702e-08,7.134211818513442e-09
8.708333333333334,1.326161242233264e-08,2.2995686530835165e-09
8.75,4.2602841093763075e-09,7.387348897826091e-10
8.791666666666666,1.3645183462122116e-09,2.366080017708014e-10
8.833333333333334,4.3586467228087734e-10,7.557910044752512e-11
8.875,1.3888940466470542e-10,2.4083475752506578e-11
8.916666666666666,4.416006263829332e-11,7.65737170769782e-12
8.958333333333334,1.4012591017979842e-11,2.429788628052686e-12
9.0,4.438227215698833e-12,7.695902923008206e-13
9.041666666666666,0.18086623221997147,0.03136227366394512
9.083333333333334,0.09984876311067757,0.01731381361378144
9.125,0.04394761565257926,0.007620533319330546
9.166666666666666,0.017479741833009217,0.0030309939020303827
9.208333333333334,0.006562485138384864,0.0011379374264582735
9.25,0.0023734801410983494,0.0004115623619036499
9.291666666666666,0.0008362702879849227,0.0001450095869576769
9.333333333333334,0.0002890077423978955,5.01140527827112e-05
9.375,9.840315424682397e-05,1.7063144485317142e-05
9.416666666666666,3.3111628636358425e-05,5.741569036996432e-06
9.458333333333334,1.1035308000060362e-05,1.913526616969024e-06
9.5,3.6486710124358643e-06,6.326809454544588e-07
9.541666666666666,1.1983301893052545e-06,2.0779091196553744e-07
9.583333333333334,3.9132318172776445e-07,6.785558899389014e-08
9.625,1.271600606762229e-07,2.2049603030383712e-08
9.666666666666666,4.114301034943978e-08,7.134213689862975e-09
9.708333333333334,1.3261616316288925e-08,2.2995693282970215e-09
9.75,4.260285688481093e-09,7.387351635999815e-10
9.791666666666666,1.3645188404935799e-09,2.366080874793792e-10
9.833333333333334,4.358648359874184e-10,7.557912883430178e-11
9.875,1.388894607271625e-10,2.4083485473758016e-11
9.916666666666666,4.416008596923186e-11,7.657375753291461e-12
9.958333333333334,1.401259805136761e-11,2.429789847644808e-12
10.0,4.43822942018127e-12,7.695906745589162e-13
10.041666666666666,0.1808662290720868,0.031362273118100706
10.083333333333334,0.09984876385906116,0.01731381374355144
10.125,0.04394761481427041,0.007620533173967471
10.166666666666666,0.017479741352061564,0.003030993818633876
10.208333333333334,0.0065624851029907755,0.001137937420320925
10.25,0.002373480182466102,0.00041156236907683406
10.291666666666666,0.0008362703248478019,0.0001450095933497142
10.333333333333334,0.00028900776613702126,5.011405689908467e-05
10.375,9.840316623317211e-05,1.7063146563754483e-05
10.416666666666666,3.3111633403801436e-05,5.741569863672869e-06
10.458333333333334,1.1035309917538457e-05,1.913526949460457e-06
10.5,3.648671780756953e-06,6.326810786816288e-07
10.541666666666666,1.198330541498847e-06,2.0779097303604077e-07
10.583333333333334,3.913232981855787e-07,6.785560918771955e-08
10.625,1.27160101280208e-07,2.204961007113022e-08
10.666666666666666,4.1143024944239e-08,7.1342162206067266e-09
10.708333333333334,1.3261622483811712e-08,2.2995703977478257e-09
10.75,4.260287697748159e-09,7.387355120076572e-10
10.791666666666666,1.3645194892789036e-09,2.3660819997900183e-10
10.833333333333334,4.3586505543852723e-10,7.557916688720776e-11
10.875,1.388895366723616e-10,2.4083498642684513e-11
10.916666666666666,4.416011557074336e-11,7.657380886204848e-12
10.958333333333334,1.4012607080177075e-11,2.4297914132438138e-12
11.0,4.4382323377401335e-12,7.69591180464736e-13
11.041666666666666,0.1808662555508017,0.03136227770951998
11.083333333333334,0.09984874410314504,0.017313810317868047
11.125,0.04394760458216309,0.0076205313997161584
11.166666666666666,0.017479739001465135,0.0030309934110395583
11.208333333333334,0.006562484935950333,0.0011379373913560488
11.25,0.002373480450738271,0.0004115624155953304
11.291666666666666,0.0008362705435639529,0.00014500963127517824
11.333333333333334,0.000289007896639543,5.0114079528271706e-05
11.375,9.840322490466026e-05,1.706315673741291e-05
11.416666666666666,3.3111658060643556e-05,5.741574139178698e-06
11.458333333333334,1.103531991784012e-05,1.9135286835165804e-06
11.5,3.6486759821540124e-06,6.326818072054816e-07
11.541666666666666,1.198332112149114e-06,2.0779124538739624e-07
11.583333333333334,3.913238566577906e-07,6.785570602701413e-08
11.625,1.271603025716789e-07,2.2049644975148068e-08
11.666666666666666,4.11431014241123e-08,7.134229482245934e-09
11.708333333333334,1.3261650004657316e-08,2.299575169872952e-09
11.75,4.260296797205751e-09,7.387370898570749e-10
11.791666666666666,1.364522591467033e-09,2.366087378996069e-10
11.833333333333334,4.358661754648931e-10,7.557936110020688e-11
11.875,1.3888993401238822e-10,2.4083567541596706e-11
11.916666666666666,4.416024223905654e-11,7.657402850538675e-12
11.958333333333334,1.4012648759043896e-11,2.42979864037522e-12
12.0,4.438246901221613e-12,7.695937057779803e-13
12.041666666666666,0.18086625371518403,0.031362277391223166
12.083333333333334,0.09984874723414668,0.01731381086078493
12.125,0.04394760744966396,0.007620531896941903
12.166666666666666,0.017479739977439197,0.0030309935802738334
12.208333333333334,0.006562485005749765,0.001137937403459297
12.25,0.0023734803557284296,0.00041156239912058774
12.291666666666666,0.000836270462610826,0.00014500961723787516
12.333333333333334,0.00028900784146950863,5.011406996176672e-05
12.375,9.840320158914955e-05,1.7063152694494458e-05
12.416666666666666,3.311164841079811e-05,5.741572465891817e-06
12.458333333333334,1.103531597332547e-05,1.9135279995362354e-06
12.5,3.6486741500621696e-06,6.32681489520057e-07
12.541666666666666,1.1983314777661472e-06,2.0779113538514778e-07
12.583333333333334,3.91323632861122e-07,6.785566722058643e-08
12.625,1.2716022135072933e-07,2.2049630891404424e-08
12.666666666666666,4.114306803224263e-08,7.134223692082994e-09
12.708333333333334,1.3261638902771023e-08,2.299573244801634e-09
12.75,4.260293121596221e-09,7.387364525049802e-10
12.791666666666666,1.3645213256907996e-09,2.366085184135251e-10
12.833333333333334,4.3586568600020263e-10,7.557927622684284e-11
12.875,1.3888977384853652e-10,2.4083539769123723e-11
12.916666666666666,4.4160191059994434e-11,7.657393976069782e-12
12.958333333333334,1.4012631661211995e-11,2.4297956756046463e-12
13.0,4.438240534155448e-12,7.695926017262783e-13
13.041666666666666,0.18086625184681915,0.031362277067247986
13.083333333333334,0.09984874991000581,0.017313811324779917
13.125,0.04394760975151155,0.007620532296083154
13.166666666666666,0.017479740743258695,0.0030309937130672264
13.208333333333334,0.006562485060082707,0.0011379374128806497
13.25,0.002373480280474169,0.00041156238607147023
13.291666666666666,0.0008362703990613179,0.00014500960621836618
13.333333333333334,0.00028900780270095305,5.011406323928438e-05
13.375,9.840318293254219e-05,1.7063149459431626e-05
13.416666666666666,3.3111640788297446e-05,5.741571144147294e-06
13.458333333333334,1.1035312891571295e-05,1.913527465158886e-06
13.5,3.648672922565431e-06,6.326812766716543e-07
13.541666666666666,1.1983309619872984e-06,2.077910459488986e-07
13.583333333333334,3.9132345511358656e-07,6.785563639909598e-08
13.625,1.2716015794972735e-07,2.2049619897646498e-08
13.666666666666666,4.1143045072402673e-08,7.134219710837987e-09
13.708333333333334,1.3261629696077206e-08,2.299571648357414e-09
13.75,4.260290177398948e-09,7.387359419800499e-10
13.791666666666666,1.364520336626343e-09,2.3660834690937107e-10
13.833333333333334,4.358653445482288e-10,7.557921701894032e-11
13.875,1.3888963792941739e-10,2.4083516200696615e-11
13.916666666666666,4.416014960629151e-11,7.657386787981881e-12
13.958333333333334,1.401261826539362e-11,2.4297933527646297e-12
14.0,4.438236049743543e-12,7.695918241275436e-13
14.041666666666666,0.18086624993400768,0.03136227673556575
14.083333333333334,0.09984875223126138,0.01731381172728652
14.125,0.04394761160227562,0.00762053261700635
14.166666666666666,0.01747974133667879,0.003030993815966497
14.208333333333334,0.006562485102028688,0.001137937420154099
14.25,0.002373480221199978,0.0004115623757933029
14.291666666666666,0.0008362703493965528,0.00014500959760647698
14.333333333333334,0.00028900777449867,5.011405834899774e-05
14.375,9.840316817489027e-05,1.7063146900449154e-05
14.416666666666666,3.3111634807634195e-05,5.741570107098005e-06
14.458333333333334,1.1035310494607327e-05,1.913527049524419e-06
14.5,3.6486719737979675e-06,6.326811121550143e-07
14.541666666666666,1.1983305471346227e-06,2.077909740132864e-07
14.583333333333334,3.9132331458544513e-07,6.785561203146266e-08
14.625,1.2716010857294746e-07,2.204961133569403e-08
14.666666666666666,4.114302736545747e-08,7.134216640446935e-09
14.708333333333334,1.3261622308591508e-08,2.2995703673645756e-09
14.75,4.2602878188063546e-09,7.387355329991944e-10
14.791666666666666,1.3645195624181317e-09,2.3660821266137184e-10
14.833333333333334,4.3586508125284493e-10,7.557917136342031e-11
14.875,1.388895441877686e-10,2.4083499945858955e-11
14.916666666666666,4.41601157782498e-11,7.657380922186543e-12
14.958333333333334,1.401260768529873e-11,2.4297915181721398e-12
15.0,4.438232584539097e-12,7.695912232597706e-13
15.041666666666666,0.1808662479863583,0.0313622763978426
15.083333333333334,0.09984875425235382,0.01731381207774472
15.125,0.04394761307213994,0.007620532871881385
15.166666666666666,0.01747974178248008,0.003030993893268611
15.208333333333334,0.006562485133558549,0.0011379374256213887
15.25,0.0023734801755566364,0.0004115623678787301
15.291666666666666,0.0008362703114271817,0.00014500959102257355
15.333333333333334,0.0002890077530653537,5.011405463245252e-05
15.375,9.840315686167926e-05,1.706314493873405e-05
15.416666666666666,3.311163023761071e-05,5.7415693146541895e-06
15.458333333333334,1.1035308673929375e-05,1.913526733818168e-06
15.5,3.648671257066568e-06,6.326809878735162e-07
15.541666666666666,1.198330224634106e-06,2.0779091809157377e-07
15.583333333333334,3.9132320646840305e-07,6.78555932839263e-08
15.625,1.2716007100549425e-07,2.2049604821483312e-08
15.666666666666666,4.1143014009437923e-08,7.13421432450805e-09
15.708333333333334,1.3261617522348492e-08,2.299569537428211e-09
15.75,4.260285978977617e-09,7.387352139721894e-10
15.791666666666666,1.3645189693532158e-09,2.366081098236892e-10
15.833333333333334,4.358648823326296e-10,7.557913687057907e-11
15.875,1.3888947599535712e-10,2.4083488121268788e-11
15.916666666666666,4.416008885070229e-11,7.657376252939533e-12
15.958333333333334,1.401259948177995e-11,2.4297900956788537e-12
16.0,4.4382299530575775e-12,7.695907669598712e-13
16.041666666666668,0.18086624600735923,0.03136227605468341
16.083333333333332,0.09984875601346854,0.017313812383122688
16.125,0.04394761420870577,0.007620533068962332
16.166666666666668,0.017479742097755633,0.003030993947937512
16.208333333333332,0.006562485155980845,0.0011379374295094234
16.25,0.002373480141968909,0.00041156236205460535
16.291666666666668,0.0008362702837065316,0.00014500958621580225
16.333333333333332,0.00028900773753088064,5.011405193876896e-05
16.375,9.840314869592494e-05,1.7063143522789135e-05
16.416666666666668,3.311162692991144e-05,5.741568741097875e-06
16.458333333333332,1.1035307359852217e-05,1.913526505956687e-06
16.5,3.648670742083523e-06,6.326808985752596e-07
16.541666666666668,1.1983299948426874e-06,2.0779087824565413e-07
16.583333333333332,3.9132312800811416e-07,6.785557967888229e-08
16.625,1.2716004390598184e-07,2.204960012241752e-08
16.666666666666668,4.114300443584471e-08,7.134212664443333e-09
16.708333333333332,1.3261614107770789e-08,2.2995689453391344e-09
16.75,4.2602846299170675e-09,7.387349800445756e-10
16.791666666666668,1.3645185392345348e-09,2.366080352409459e-10
16.833333333333332,4.3586473953350933e-10,7.557911210915715e-11
16.875,1.388894273966139e-10,2.4083479694228177e-11
16.916666666666668,4.416007021417799e-11,7.65737302135911e-12
16.958333333333332,1.4012593465992621e-11,2.429789052539036e-12
17.0,4.438228053358784e-12,7.695904375513758e-13
17.041666666666668,0.1808662440025294,0.031362275707045154
17.083333333333332,0.09984875754749468,0.017313812649123406
17.125,0.043947615052475894,0.007620533215272393
17.166666666666668,0.017479742298182405,0.0030309939826915913
17.208333333333332,0.006562485170406741,0.0011379374320108792
17.25,0.0023734801190292395,0.0004115623580768578
17.291666666666668,0.0008362702649912103,0.00014500958297055836
17.333333333333332,0.0002890077271599036,5.0114050140437593e-05
17.375,9.840314337894897e-05,1.7063142600823472e-05
17.416666666666668,3.311162475011221e-05,5.741568363119856e-06
17.458333333333332,1.1035306492810964e-05,1.913526355611403e-06
17.5,3.6486704035875882e-06,6.326808398799355e-07
17.541666666666668,1.1983298649348653e-06,2.0779085571958823e-07
17.583333333333332,3.913230766296661e-07,6.785557076983979e-08
17.625,1.2716002614239412e-07,2.204959704220463e-08
17.666666666666668,4.114299817999517e-08,7.134211579676637e-09
17.708333333333332,1.3261611885891907e-08,2.2995685600644886e-09
17.75,4.260283744283572e-09,7.387348264753897e-10
17.791666666666668,1.3645182572534145e-09,2.36607986345312e-10
17.833333333333332,4.3586464634483633e-10,7.557909595020571e-11
17.875,1.3888939584343576e-10,2.408347422289505e-11
17.916666666666668,4.4160059412972875e-11,7.657371148426023e-12
17.958333333333332,1.4012589500368484e-11,2.4297883648982977e-12
18.0,4.438226810360227e-12,7.695902220149517e-13
18.041666666666668,0.18086624197410764,0.03136227535531604
18.083333333333332,0.09984875888231483,0.017313812880581727
18.125,0.04394761563613477,0.007620533316479066
18.166666666666668,0.01747974239696672,0.003030993999820829
18.208333333333332,0.00656248517774544,0.0011379374332834125
18.25,0.0023734801055884545,0.0004115623557462206
18.291666666666668,0.000836270254292027,0.00014500958111531592
18.333333333333332,0.0002890077213762216,5.011404913754492e-05
18.375,9.840314063958223e-05,1.7063142125816232e-05
18.416666666666668,3.311162358441598e-05,5.741568160987684e-06
18.458333333333332,1.1035306024968657e-05,1.913526274487369e-06
18.5,3.648670221857827e-06,6.326808083679255e-07
18.541666666666668,1.1983297958911305e-06,2.077908437473783e-07
18.583333333333332,3.913230499973015e-07,6.78555661517776e-08
18.625,1.2716001678904895e-07,2.2049595420331007e-08
18.666666666666668,4.1142994880075416e-08,7.134211007469293e-09
18.708333333333332,1.3261610719709982e-08,2.299568357848098e-09
18.75,4.260283292866227e-09,7.387347481994498e-10
18.791666666666668,1.3645181108915105e-09,2.3660796096610206e-10
18.833333333333332,4.35864597708998e-10,7.557908751673278e-11
18.875,1.388893794085141e-10,2.408347137307336e-11
18.916666666666668,4.4160053815064424e-11,7.657370177746562e-12
18.958333333333332,1.4012587459835285e-11,2.4297880110690627e-12
19.0,4.438226166018594e-12,7.695901102858668e-13
19.041666666666668,0.18086623992418327,0.03136227499985838
19.083333333333332,0.09984876004121267,0.017313813081535054
19.125,0.04394761598646407,0.007620533377226299
19.166666666666668,0.017479742405475795,0.003030994001296305
19.208333333333332,0.006562485178720429,0.001137937433452476
19.25,0.0023734801006590894,0.00041156235489146683
19.291666666666668,0.0008362702507897522,0.00014500958050802013
19.333333333333332,0.00028900771971196725,5.011404884896258e-05
19.375,9.840314021980202e-05,1.7063142053026188e-05
19.416666666666668,3.311162333150382e-05,5.74156811713262e-06
19.458333333333332,1.1035305916037126e-05,1.9135262555986e-06
19.5,3.6486701808776034e-06,6.32680801261939e-07
19.541666666666668,1.1983297814377603e-06,2.0779084124115834e-07
19.583333333333332,3.9132304580832483e-07,6.785556542540747e-08
19.625,1.2716001502851098e-07,2.2049595115053056e-08
19.666666666666668,4.114299423795615e-08,7.134210896125568e-09
19.708333333333332,1.3261610500189107e-08,2.2995683197830947e-09
19.75,4.2602832401475625e-09,7.387347390580132e-10
19.791666666666668,1.3645180879723158e-09,2.366079569919049e-10
19.833333333333332,4.3586458930289577e-10,7.557908605911144e-11
19.875,1.3888937654752426e-10,2.4083470876976636e-11
19.916666666666668,4.416005287475525e-11,7.657370014696592e-12
19.958333333333332,1.4012587194665806e-11,2.4297879650885736e-12
20.0,4.438226066714113e-12,7.695900930664319e-13
20.041666666666668,0.18086623785623304,0.031362274641275015
20.083333333333332,0.0998487610430806,0.017313813255259335
20.125,0.043947616125752764,0.007620533401379011
20.166666666666668,0.01747974233377302,0.003030993988863017
20.208333333333332,0.006562485173970354,0.001137937432628811
20.25,0.0023734801034028287,0.00041156235536723225
20.291666666666668,0.0008362702538024992,0.00014500958103043162
20.333333333333332,0.0002890077217834582,5.01140492081599e-05
20.375,9.840314187409101e-05,1.706314233988053e-05
20.416666666666668,3.3111623899821145e-05,5.74156821567906e-06
20.458333333333332,1.1035306131442724e-05,1.9135262929500127e-06
20.5,3.648670267404221e-06,6.326808162656877e-07
20.541666666666668,1.1983298164877093e-06,2.0779084731883287e-07
20.583333333333332,3.9132306176640613e-07,6.785556819254485e-08
20.625,1.2716002011659827e-07,2.2049595997329334e-08
20.666666666666668,4.114299600062095e-08,7.134211201772316e-09
20.708333333333332,1.3261611138547558e-08,2.2995684304746933e-09
20.75,4.260283544593756e-09,7.387347918490993e-10
20.791666666666668,1.3645181761802347e-09,2.3660797228719175e-10
20.833333333333332,4.3586461724486496e-10,7.557909090425957e-11
20.875,1.388893859772039e-10,2.4083472512086683e-11
20.916666666666668,4.416005615568629e-11,7.657370583611287e-12
20.958333333333332,1.4012588524934245e-11,2.4297881957576286e-12
21.0,4.438226459130126e-12,7.695901611115181e-13
21.041666666666668,0.18086623577098893,0.03136227427969289
21.083333333333332,0.09984876190312256,0.017313813404390938
21.125,0.04394761607036501,0.007620533391774755
21.166666666666668,0.017479742189603444,0.0030309939638639575
21.208333333333332,0.006562485163935775,0.0011379374308888113
21.25,0.002373480113177,0.0004115623570620773
21.291666666666668,0.000836270262831618,0.00014500958259608426
21.333333333333332,0.0002890077273174067,5.011405016774869e-05
21.375,9.840314539757812e-05,1.706314295085454e-05
21.416666666666668,3.311162521689102e-05,5.741568444059478e-06
21.458333333333332,1.103530664535188e-05,1.9135263820620563e-06
21.5,3.6486704719788317e-06,6.326808517390032e-07
21.541666666666668,1.1983299208041345e-06,2.077908654073408e-07
21.583333333333332,3.913230958918963e-07,6.785557410991786e-08
21.625,1.2716003146429498e-07,2.2049597965024272e-08
21.666666666666668,4.114299998253642e-08,7.134211892237977e-09
21.708333333333332,1.3261612572862582e-08,2.299568679185466e-09
21.75,4.260284166146511e-09,7.387348996265841e-10
21.791666666666668,1.3645183648355534e-09,2.36608005000096e-10
21.833333333333332,4.358646785194484e-10,7.557910152929571e-11
21.875,1.3888940678249485e-10,2.4083476119732066e-11
21.916666666666668,4.416006336096173e-11,7.657371833008797e-12
21.958333333333332,1.4012591274641313e-11,2.429788672557883e-12
22.0,4.4382272977638834e-12,7.695903065309317e-13
22.041666666666668,0.18086623366929871,0.031362273915259004
22.083333333333332,0.09984876263357291,0.017313813531051308
22.125,0.04394761583226978,0.007620533350488951
22.166666666666668,0.017479741979088453,0.003030993927360578
22.208333333333332,0.006562485148939623,0.001137937428288473
22.25,0.0023734801294992332,0.00041156235989235884
22.291666666666668,0.0008362702775201933,0.0001450095851430888
22.333333333333332,0.00028900773612411347,5.0114051694835006e-05
22.375,9.840315061783811e-05,1.706314385604961e-05
22.416666666666668,3.311162722568143e-05,5.7415687923845035e-06
22.458333333333332,1.1035307438846848e-05,1.913526519654387e-06
22.5,3.648670788070589e-06,6.326809065494345e-07
22.541666666666668,1.1983300799060463e-06,2.0779089299567303e-07
22.583333333333332,3.913231465043743e-07,6.785558288614086e-08
22.625,1.2716004861612507e-07,2.204960093915815e-08
22.666666666666668,4.114300605287915e-08,7.1342129448377226e-09
22.708333333333332,1.3261614762099254e-08,2.2995690587999397e-09
22.75,4.260285067866059e-09,7.387350559850977e-10
22.791666666666668,1.3645186450134959e-09,2.3660805358305806e-10
22.833333333333332,4.358647708844605e-10,7.557911754542404e-11
22.875,1.388894383491229e-10,2.4083481593397414e-11
22.916666666666668,4.416007660751423e-11,7.657374129966053e-12
22.958333333333332,1.4012595283694151e-11,2.4297893677291744e-12
23.0,4.438228546044714e-12,7.695905229833038e-13
23.041666666666668,0.18086623155155201,0.03136227354804093
23.083333333333332,0.09984876324699678,0.017313813637419243
23.125,0.043947615424686046,0.007620533279813775
23.166666666666668,0.0174797417089147,0.003030993880512346
23.208333333333332,0.006562485129353137,0.0011379374248921686
23.25,0.002373480151846448,0.0004115623637673744
23.291666666666668,0.0008362702974778479,0.00014500958860375374
23.333333333333332,0.0002890077479947984,5.0114053753216296e-05
23.375,9.840315734651749e-05,1.7063145022805182e-05
23.416666666666668,3.311162986399385e-05,5.741569249868883e-06
23.458333333333332,1.1035308491349726e-05,1.9135267021587874e-06
23.5,3.64867120854739e-06,6.326809794602722e-07
23.541666666666668,1.1983302808335748e-06,2.077909278365831e-07
23.583333333333332,3.9132321178845155e-07,6.785559420642474e-08
23.625,1.2716007108480896e-07,2.204960483523651e-08
23.666666666666668,4.114301407172972e-08,7.134214335309471e-09
23.708333333333332,1.326161766181163e-08,2.299569561611172e-09
23.75,4.260286210306003e-09,7.387352540846197e-10
23.791666666666668,1.3645190073571738e-09,2.3660811641359004e-10
23.833333333333332,4.358648920115143e-10,7.557913854890138e-11
23.875,1.3888948003281302e-10,2.4083488821365184e-11
23.916666666666668,4.416009372749993e-11,7.657377098578105e-12
23.958333333333332,1.401260038745186e-11,2.4297902527227082e-12
24.0,4.4382301671490825e-12,7.695908040834198e-13
24.041666666666668,0.1808662294185847,0.031362273178183575
24.083333333333332,0.09984876375231101,0.017313813725040924
24.125,0.04394761485642335,0.0076205331812768074
24.166666666666668,0.017479741384047263,0.003030993824180208
24.208333333333332,0.006562485105395602,0.001137937420737923
24.25,0.0023734801798428688,0.0004115623686219644
24.291666666666668,0.0008362703224465598,0.0001450095929333379
24.333333333333332,0.0002890077641011506,5.0114056546063914e-05
24.375,9.840316543885236e-05,1.7063146426019133e-05
24.416666666666668,3.311163308774788e-05,5.741569808869061e-06
24.458333333333332,1.10353097895538e-05,1.913526927267869e-06
24.5,3.6486717290923365e-06,6.326810697229646e-07
24.541666666666668,1.1983305181222296e-06,2.0779096898252635e-07
24.583333333333332,3.913232904281482e-07,6.785560784257815e-08
24.625,1.2716009855536053e-07,2.204960959864063e-08
24.666666666666668,4.114302395776494e-08,7.134216049551749e-09
24.708333333333332,1.3261622045700832e-08,2.299570321779232e-09
24.75,4.260287564360481e-09,7.38735488878183e-10
24.791666666666668,1.3645194457661085e-09,2.3660819243386653e-10
24.833333333333332,4.3586504058645446e-10,7.557916431185268e-11
24.875,1.3888953150185453e-10,2.4083497746116614e-11
24.916666666666668,4.4160113622122474e-11,7.657380548313242e-12
24.958333333333332,1.401260647751069e-11,2.4297913087412326e-12
25.0,4.438232140593428e-12,7.695911462794222e-13
25.041666666666668,0.18086622727229823,0.03136227280601669
25.083333333333332,0.09984876415974417,0.01731381379568999
25.125,0.043947614138854306,0.007620533056850061
25.166666666666668,0.017479741010377033,0.0030309937593856477
25.208333333333332,0.0065624850773502675,0.0011379374158748512
25.25,0.0023734802130230778,0.0004115623743754253
25.291666666666668,0.0008362703520886756,0.00014500959807329212
25.333333333333332,0.0002890077871683551,5.0114060545925974e-05
25.375,9.840317473213935e-05,1.7063148037478644e-05
25.416666666666668,3.3111636845648436e-05,5.741570460490451e-06
25.458333333333332,1.1035311316924773e-05,1.913527192114578e-06
25.5,3.648672343922222e-06,6.326811763347012e-07
25.541666666666668,1.1983307861570085e-06,2.0779101545985926e-07
25.583333333333332,3.913233810390221e-07,6.785562355453825e-08
25.625,1.271601306730735e-07,2.2049615167864313e-08
25.666666666666668,4.1143035608290015e-08,7.1342180697572424e-09
25.708333333333332,1.3261626993976906e-08,2.2995711798121907e-09
25.75,4.260289102605062e-09,7.387357556103801e-10
25.791666666666668,1.3645199542363337e-09,2.366082806027976e-10
25.833333333333332,4.35865215138846e-10,7.557919457930396e-11
25.875,1.388896019277327e-10,2.408350995799076e-11
25.916666666666668,4.4160135820459485e-11,7.65738439751335e-12
25.958333333333332,1.4012613462145309e-11,2.42979251987954e-12
26.0,4.438234447324533e-12,7.695915462674758e-13
26.041666666666668,0.1808662251102989,0.031362272431125174
26.083333333333332,0.09984876447236399,0.017313813849898385
26.125,0.04394761326933814,0.007620532906075625
26.166666666666668,0.01747974058821442,0.0030309936861824894
26.208333333333332,0.006562485045163315,0.0011379374102936212
26.25,0.0023734802515141284,0.00041156238104978816
26.291666666666668,0.0008362703865613083,0.00014500960405085977
26.333333333333332,0.0002890078127394641,5.0114064979966024e-05
26.375,9.840318521860116e-05,1.706314985583512e-05
26.416666666666668,3.311164114903688e-05,5.741571206699649e-06
26.458333333333332,1.1035313081843295e-05,1.913527498152123e-06
26.5,3.6486731616836147e-06,6.326813181348386e-07
26.541666666666668,1.1983310841171262e-06,2.0779106712625734e-07
26.583333333333332,3.9132348383751084e-07,6.785564137983541e-08
26.625,1.2716016762849218e-07,2.204962157594801e-08
26.666666666666668,4.114304910846247e-08,7.134220410692295e-09
26.708333333333332,1.3261632396982096e-08,2.299572116695352e-09
26.75,4.260290827739948e-09,7.387360547494274e-10
26.791666666666668,1.3645205360758685e-09,2.3660838149399483e-10
26.833333333333332,4.358654171423545e-10,7.55792296067894e-11
26.875,1.3888968273875354e-10,2.4083523970652596e-11
26.916666666666668,4.4160160349989734e-11,7.657388650943252e-12
26.958333333333332,1.4012621392213666e-11,2.4297938949564186e-12
27.0,4.438237110113469e-12,7.695920079960931e-13
27.041666666666668,0.18086622293613858,0.031362272054124944
27.083333333333332,0.09984876470220344,0.01731381388975263
27.125,0.04394761226462548,0.007620532731858067
27.166666666666668,0.01747974012534027,0.003030993605919936
27.208333333333332,0.006562485009242593,0.0011379374040649546
27.25,0.0023734802946576887,0.000411562388530898
27.291666666666668,0.0008362704253529132,0.00014500961077733884
27.333333333333332,0.0002890078402593692,5.011406975192807e-05
27.375,9.840319670639973e-05,1.7063151847823777e-05
27.416666666666668,3.311164593254449e-05,5.741572036161694e-06
27.458333333333332,1.103531506067779e-05,1.9135278412827795e-06
27.5,3.6486741318881566e-06,6.326814863686763e-07
27.541666666666668,1.1983314065259401e-06,2.0779112303206867e-07
27.583333333333332,3.9132359735764866e-07,6.785566106427061e-08
27.625,1.2716020897520417e-07,2.204962874548364e-08
27.666666666666668,4.1143067057952775e-08,7.134223523140761e-09
27.708333333333332,1.3261638157326593e-08,2.299573115541285e-09
27.75,4.260292717459684e-09,7.387363824275504e-10
27.791666666666668,1.3645211852297734e-09,2.3660849405752963e-10
27.833333333333332,4.358656645299249e-10,7.557927250388849e-11
27.875,1.3888976738220772e-10,2.4083538647859843e-11
27.916666666666668,4.416018694377555e-11,7.657393262315857e-12
27.958333333333332,1.4012630203290502e-11,2.429795422800503e-12
28.0,4.438240174136525e-12,7.6959253929886e-13
28.041666666666668,0.18086622074583272,0.03136227167432507
28.083333333333332,0.09984876484895422,0.01731381391519927
28.125,0.04394761111558586,0.007620532532614159
28.166666666666668,0.01747973961939827,0.0030309935181894
28.208333333333332,0.006562484969327808,0.0011379373971437154
28.25,0.0023734803428500342,0.00041156239688746904
28.291666666666668,0.0008362704688482803,0.0001450096183194521
28.333333333333332,0.0002890078698188459,5.0114074877552606e-05
28.375,9.840320927557259e-05,1.706315402732315e-05
28.416666666666668,3.311165124197089e-05,5.7415729568182575e-06
28.458333333333332,1.1035317274498007e-05,1.9135282251600496e-06
28.5,3.6486751576259475e-06,6.326816642320006e-07
28.541666666666668,1.1983317559434252e-06,2.077911836211939e-07
28.583333333333332,3.91323722852259e-07,6.785568282508393e-08
28.625,1.2716025520992942e-07,2.2049636762602637e-08
28.666666666666668,4.114308661163906e-08,7.134226913757421e-09
28.708333333333332,1.326164433331185e-08,2.2995741864594846e-09
28.75,4.2602947970760574e-09,7.387367430338231e-10
28.791666666666668,1.364521910766403e-09,2.36608619865858e-10
28.833333333333332,4.3586596016291065e-10,7.557932376676099e-11
28.875,1.3888985701825054e-10,2.4083554190783863e-11
28.916666666666668,4.416021604911936e-11,7.657398309193576e-12
28.958333333333332,1.401264004206417e-11,2.4297971288476104e-12
29.0,4.438244116271419e-12,7.695932228665544e-13
29.041666666666668,0.1808662185425655,0.0313622712922777
29.083333333333332,0.09984876492264458,0.01731381392797721
29.125,0.04394760983565524,0.007620532310673701
29.166666666666668,0.01747973907656064,0.003030993424061148
29.208333333333332,0.006562484925743399,0.0011379373895861623
29.25,0.0023734803956070682,0.00041156240603555894
29.291666666666668,0.0008362705166642694,0.00014500962661076285
29.333333333333332,0.00028900790103064255,5.011408028969005e-05
29.375,9.840322279971165e-05,1.7063156372414016e-05
29.416666666666668,3.3111657034645835e-05,5.741573961270302e-06
29.458333333333332,1.1035319706772873e-05,1.9135286469174395e-06
29.5,3.64867622702708e-06,6.32681849666565e-07
29.541666666666668,1.1983321296561551e-06,2.0779124842312383e-07
29.583333333333332,3.913238595786645e-07,6.78557065334948e-08
29.625,1.271603078496262e-07,2.204964589034614e-08
29.666666666666668,4.114310672454686e-08,7.134230401343308e-09
29.708333333333332,1.3261650898728729e-08,2.2995753249052764e-09
29.75,4.26029706024176e-09,7.387371354676191e-10
29.791666666666668,1.36452276439571e-09,2.3660876788550547e-10
29.833333333333332,4.3586626005531435e-10,7.557937576821819e-11
29.875,1.3888995171335599e-10,2.408357061095127e-11
29.916666666666668,4.4160247687050413e-11,7.657403795222891e-12
29.958333333333332,1.4012651816509302e-11,2.429799170540888e-12
30.0,4.438248058646044e-12,7.695939064758182e-13
30.041666666666668,0.18086527949179784,0.031362108460516354
30.083333333333332,0.09984885294058661,0.017313829190321935
30.125,0.043947963686920895,0.007620593668618154
30.166666666666668,0.017479856419237674,0.0030310137713261097
30.208333333333332,0.006562495247417868,0.001137939179368453
30.25,0.002373467339076004,0.0004115601420280915
30.291666666666668,0.0008362590696164081,0.00014500764168829688
30.333333333333332,0.0002890013479979283,5.0112943991317546e-05
30.375,9.840006410840072e-05,1.7062608654135722e-05
30.416666666666668,3.31102720211853e-05,5.74133379940789e-06
30.458333333333332,1.1034748136261114e-05,1.913429536372657e-06
30.5,3.6484496485898913e-06,6.326425608791211e-07
30.541666666666668,1.1982453155384402e-06,2.0777619482199413e-07
30.583333333333332,3.912914384616382e-07,6.785008469943439e-08
30.625,1.2714843592773217e-07,2.2047587294560804e-08
30.666666666666668,4.113882314031026e-08,7.133487626202576e-09
30.708333333333332,1.3260128742555475e-08,2.2993113824441607e-09
30.75,4.259762607683133e-09,7.3864446119007e-10
30.791666666666668,1.3643368915845874e-09,2.365765374691499e-10
30.833333333333332,4.3580212486527863e-10,7.556825470179966e-11
30.875,1.3886801324232178e-10,2.4079766471704833e-11
30.916666666666668,4.41527952393823e-11,7.656111537954273e-12
30.958333333333332,1.4010134192023594e-11,2.429362613494641e-12
31.0,4.437401814976065e-12,7.694471675006182e-13
31.041666666666668,0.18086527919961437,0.03136210840985163
31.083333333333332,0.09984885375430137,0.017313829331420387
31.125,0.04394796402967379,0.007620593728051636
31.166666666666668,0.017479856499585715,0.00303101378525849
31.208333333333332,0.006562495247856472,0.0011379391794445071
31.25,0.002373467324865099,0.00041156013956391516
31.291666666666668,0.0008362590606657839,0.00014500764013625523
31.333333333333332,0.0002890013430522778,5.0112943133739865e-05
31.375,9.840006150102315e-05,1.7062608202015457e-05
31.416666666666668,3.3110271069543276e-05,5.741333634392799e-06
31.458333333333332,1.103474774296591e-05,1.9134294681751185e-06
31.5,3.64844947819297e-06,6.326425313322298e-07
31.541666666666668,1.1982452583044625e-06,2.0777618489760055e-07
31.583333333333332,3.9129141712324336e-07,6.78500809993486e-08
31.625,1.271484275000368e-07,2.204758583319521e-08
31.666666666666668,4.1138820361850924e-08,7.133487144416668e-09
31.708333333333332,1.3260127766202535e-08,2.299311213144188e-09
31.75,4.259762244309069e-09,7.386443981808684e-10
31.791666666666668,1.364336763247223e-09,2.365765152154019e-10
31.833333333333332,4.358020843567658e-10,7.556824767760808e-11
31.875,1.3886799880352857e-10,2.4079763968012582e-11
31.916666666666668,4.415278998317608e-11,7.656110626526112e-12
31.958333333333332,1.4010132615224582e-11,2.4293623400770907e-12
32.0,4.437401271343315e-12,7.694470732344919e-13
32.041666666666664,0.18086527686991355,0.03136210800588062
32.083333333333336,0.09984885965336046,0.017313830354319482
32.125,0.04394796651165469,0.0076205941584280715
32.166666666666664,0.017479857087924783,0.0030310138872767095
32.208333333333336,0.006562495250549384,0.001137939179911459
32.25,0.002373467236574785,0.0004115601242543411
32.291666666666664,0.0008362589931844299,0.00014500762843496268
32.333333333333336,0.00028900130572142213,5.0112936660555253e-05
32.375,9.840004502580744e-05,1.706260534520677e-05
32.416666666666664,3.3110263739506586e-05,5.741332363361641e-06
32.458333333333336,1.103474479070831e-05,1.913428956252525e-06
32.5,3.648448332545713e-06,6.326423326765585e-07
32.541666666666664,1.1982448249691408e-06,2.0777610975709045e-07
32.583333333333336,3.9129125612717957e-07,6.785005308256971e-08
32.625,1.271483683450637e-07,2.204757557570031e-08
32.666666666666664,4.113879962891804e-08,7.133483549318196e-09
32.708333333333336,1.3260120267165267e-08,2.299309912808265e-09
32.75,4.259759642336253e-09,7.386439469977895e-10
32.791666666666664,1.3643358743852797e-09,2.365763610864019e-10
32.833333333333336,4.3580177363492874e-10,7.5568193798323e-11
32.875,1.3886789357925e-10,2.4079745722082534e-11
32.916666666666664,4.415275428144977e-11,7.656104435833148e-12
32.958333333333336,1.4010120606267992e-11,2.4293602577194367e-12
33.0,4.437397229980811e-12,7.69446372460692e-13
33.041666666666664,0.18086527492227444,0.03136210766815926
33.083333333333336,0.09984886379252153,0.017313831072051592
33.125,0.04394796825560351,0.007620594460829462
33.166666666666664,0.017479857513604136,0.0030310139610896713
33.208333333333336,0.006562495253239763,0.0011379391803779716
33.25,0.00237346717275365,0.0004115601131877319
33.291666666666664,0.0008362589437448388,0.00014500761986211872
33.333333333333336,0.00028900128093118266,5.0112932361918266e-05
33.375,9.84000326970493e-05,1.7062603207395404e-05
33.416666666666664,3.311025884129514e-05,5.741331514009907e-06
33.458333333333336,1.1034742673167046e-05,1.9134285890700615e-06
33.5,3.648447537680291e-06,6.326421948465911e-07
33.541666666666664,1.198244515565589e-06,2.0777605610639653e-07
33.583333333333336,3.9129114280548277e-07,6.785003343254427e-08
33.625,1.2714832705602661e-07,2.204756841616553e-08
33.666666666666664,4.113878488132744e-08,7.13348099208036e-09
33.708333333333336,1.3260115033539404e-08,2.299309005295544e-09
33.75,4.259757828826772e-09,7.38643632534554e-10
33.791666666666664,1.3643352315775394e-09,2.3657624962329447e-10
33.833333333333336,4.3580155896754765e-10,7.556815657491721e-11
33.875,1.3886781858384843e-10,2.4079732717851298e-11
33.916666666666664,4.415272955842328e-11,7.656100148850923e-12
33.958333333333336,1.4010112113216476e-11,2.429358785021064e-12
34.0,4.437394399189598e-12,7.694458816004158e-13
34.041666666666664,0.18086527338814873,0.03136210740214127
34.083333333333336,0.099848866482464,0.01731383153848864
34.125,0.04394796939499636,0.007620594658400617
34.166666666666664,0.01747985779956077,0.0030310140106746607
34.208333333333336,0.00656249525484631,0.0011379391806565476
34.25,0.0023734671281816708,0.00041156010545893374
34.291666666666664,0.0008362589139987113,0.00014500761470412888
34.333333333333336,0.0002890012632380908,5.0112929293929396e-05
34.375,9.840002531661174e-05,1.7062601927624715e-05
34.416666666666664,3.3110255332023516e-05,5.741330905500869e-06
34.458333333333336,1.1034741390367836e-05,1.913428366632189e-06
34.5,3.648446991274824e-06,6.326421000996747e-07
34.541666666666664,1.198244325454386e-06,2.077760231410414e-07
34.583333333333336,3.912910670330956e-07,6.785002029358341e-08
34.625,1.2714830137484654e-07,2.204756396303911e-08
34.666666666666664,4.113877510985608e-08,7.133479297703498e-09
34.708333333333336,1.3260111769674811e-08,2.2993084393401788e-09
34.75,4.259756630312651e-09,7.386434247117481e-10
34.791666666666664,1.364334833887709e-09,2.3657618066372617e-10
34.833333333333336,4.3580141726779406e-10,7.55681320041259e-11
34.875,1.3886777134979449e-10,2.407972452744832e-11
34.916666666666664,4.415271326946133e-11,7.656097324338707e-12
34.958333333333336,1.4010106654831034e-11,2.429357838534946e-12
35.0,4.437392567734379e-12,7.694455640253822e-13
35.041666666666664,0.18086626222383181,0.03136227886662594
35.083333333333336,0.09984902785011189,0.017313859519700346
35.125,0.04394792806417512,0.007620587491620447
35.166666666666664,0.017479832083328355,0.00303100955147015
35.208333333333336,0.0065624873956482066,0.0011379378178685983
35.25,0.0023734659163336244,0.0004115598953240201
35.291666666666664,0.0008362592564381746,0.00014500767408326244
35.333333333333336,0.00028900169684751415,5.011300448196881e-05
35.375,9.840028842477107e-05,1.7062647550679914e-05
35.416666666666664,3.311038554831895e-05,5.741353485056172e-06
35.458333333333336,1.1034799244389065e-05,1.9134383985415407e-06
35.5,3.648471014275461e-06,6.326462656971494e-07
35.541666666666664,1.198253877289999e-06,2.0777767943298058e-07
35.583333333333336,3.912947353184158e-07,6.785065637565732e-08
35.625,1.271496721961937e-07,2.2047801663983644e-08
35.666666666666664,4.1139278792565133e-08,7.133566636477394e-09
35.708333333333336,1.3260293098780185e-08,2.2993398818762242e-09
35.75,4.2598211882397464e-09,7.386546190809339e-10
35.791666666666664,1.3643575084621907e-09,2.3658011244359125e-10
35.833333333333336,4.358092987789896e-10,7.556949866117385e-11
35.875,1.3887049219023418e-10,2.4080196322218517e-11
35.916666666666664,4.4153643596725606e-11,7.656258643441236e-12
35.958333333333336,1.4010422957268997e-11,2.429412685498352e-12
36.0,4.437499407179204e-12,7.694640900258719e-13
36.041666666666664,0.18086626358098565,0.03136227910195693
36.083333333333336,0.09984869217225074,0.017313801313031167
36.125,0.04394756602595949,0.007620524714055746
36.166666666666664,0.017479727340931298,0.0030309913890985427
36.208333333333336,0.006562484081933851,0.0011379372432692649
36.25,0.0023734816383843486,0.00041156262153361334
36.291666666666664,0.0008362716302162008,0.00014500981970109257
36.333333333333336,0.00028900848937180826,5.011418230827262e-05
36.375,9.840350309823092e-05,1.7063204976284185e-05
36.416666666666664,3.311178198150895e-05,5.74159562710403e-06
36.458333333333336,1.1035370541561573e-05,1.9135374616891924e-06
36.5,3.6486960912791344e-06,6.326852941354489e-07
36.541666666666664,1.1983397006498245e-06,2.0779256123631426e-07
36.583333333333336,3.913266654120806e-07,6.785619306607952e-08
36.625,1.2716135382780693e-07,2.20498272633617e-08
36.666666666666664,4.1143474641303896e-08,7.134294198249331e-09
36.708333333333336,1.3261781377196859e-08,2.299597949921425e-09
36.75,4.260343456114391e-09,7.387451805296325e-10
36.791666666666664,1.364538752858585e-09,2.366115402910673e-10
36.833333333333336,4.3587175140410094e-10,7.558032797019263e-11
36.875,1.3889183091295783e-10,2.408389646487911e-11
36.916666666666664,4.416088375052143e-11,7.65751408887141e-12
36.958333333333336,1.4012868348242774e-11,2.429836717226075e-12
37.0,4.4383199629494495e-12,7.696063747094589e-13
37.041666666666664,0.18086626572620562,0.0313622794739389
37.083333333333336,0.09984870589417393,0.017313803692417883
37.125,0.043947582473060284,0.007620527565989298
37.166666666666664,0.017479733371522557,0.0030309924348053676
37.208333333333336,0.0065624845432913585,0.0011379373232688326
37.25,0.002373481060785541,0.00041156252137775984
37.291666666666664,0.0008362710479792474,0.0001450097187409827
37.333333333333336,0.00028900819528888727,5.011413131418194e-05
37.375,9.840335872345007e-05,1.7063179941642115e-05
37.416666666666664,3.311171525037208e-05,5.741584055899441e-06
37.458333333333336,1.1035344892264056e-05,1.9135330140912183e-06
37.5,3.648685615591206e-06,6.32683477647166e-07
37.541666666666664,1.198335628017013e-06,2.0779185504023114e-07
37.583333333333336,3.913252074087992e-07,6.785594024775431e-08
37.625,1.2716080550049913e-07,2.2049732183197354e-08
37.666666666666664,4.114327694016523e-08,7.134259916796466e-09
37.708333333333336,1.326171167486849e-08,2.299585863511096e-09
37.75,4.260318914447415e-09,7.387409249952167e-10
37.791666666666664,1.3645302583816002e-09,2.366100673455176e-10
37.833333333333336,4.3586875862784873e-10,7.557980902164881e-11
37.875,1.3889082903747995e-10,2.408372273928905e-11
37.916666666666664,4.416054560907503e-11,7.65745545501561e-12
37.958333333333336,1.4012750855311382e-11,2.4298163439069498e-12
38.0,4.438281457346744e-12,7.695996978232606e-13
38.041666666666664,0.1808662666378165,0.03136227963201257
38.083333333333336,0.09984871208073542,0.017313804765170006
38.125,0.04394758969892078,0.0076205288189562645
38.166666666666664,0.017479736051304724,0.0030309928994806173
38.208333333333336,0.006562484742574667,0.0011379373578246342
38.25,0.0023734808070015965,0.00041156247737152705
38.291666666666664,0.0008362708257834688,0.00014500968021214993
38.333333333333336,0.00028900805398107525,5.011410681135343e-05
38.375,9.840329725206915e-05,1.706316928248121e-05
38.416666666666664,3.311168871553668e-05,5.7415794547488606e-06
38.458333333333336,1.1035332363700015e-05,1.913530841633434e-06
38.5,3.6486811093704747e-06,6.326826962667721e-07
38.541666666666664,1.198333970104596e-06,2.0779156755758557e-07
38.583333333333336,3.913245350673366e-07,6.785582366348822e-08
38.625,1.2716055970097474e-07,2.2049689561466055e-08
38.666666666666664,4.114319456207585e-08,7.134245632404344e-09
38.708333333333336,1.3261681439606553e-08,2.299580620705142e-09
38.75,4.260307683743766e-09,7.387389775869197e-10
38.791666666666664,1.3645266116664284e-09,2.366094350037157e-10
38.833333333333336,4.358675284879691e-10,7.55795957149244e-11
38.875,1.3889037732352712e-10,2.4083644411917307e-11
38.916666666666664,4.416039432524006e-11,7.657429222340916e-12
38.958333333333336,1.4012702505512255e-11,2.429807960033337e-12
39.0,4.438264349328544e-12,7.695967312863783e-13
39.041666666666664,0.1808662674912473,0.031362279779997795
39.083333333333336,0.09984871815057492,0.01731380581768249
39.125,0.04394759668872968,0.0076205300309917946
39.166666666666664,0.017479738269833407,0.003030993284174338
39.208333333333336,0.006562484937752343,0.001137937391668518
39.25,0.002373480557898785,0.0004115624341770045
39.291666666666664,0.0008362706136180336,0.00014500964342258255
39.333333333333336,0.00028900791625283297,5.011408292922368e-05
39.375,9.840323452978321e-05,1.70631584064129e-05
39.416666666666664,3.311166300502736e-05,5.7415749965367366e-06
39.458333333333336,1.1035321822107866e-05,1.913529013717334e-06
39.5,3.648676382027882e-06,6.326818765437632e-07
39.541666666666664,1.1983322966543381e-06,2.0779127738067247e-07
39.583333333333336,3.9132393802911785e-07,6.785572013683333e-08
39.625,1.2716033125990758e-07,2.2049649949697863e-08
39.666666666666664,4.1143106965361485e-08,7.1342304431006555e-09
39.708333333333336,1.3261652619355917e-08,2.2995756232626873e-09
39.75,4.260297865864308e-09,7.387372751628763e-10
39.791666666666664,1.3645229532988636e-09,2.3660880064138437e-10
39.833333333333336,4.358662423744281e-10,7.557937270234577e-11
39.875,1.3888996657174943e-10,2.408357318740236e-11
39.916666666666664,4.4160254886216736e-11,7.657405043561078e-12
39.958333333333336,1.4012652937468375e-11,2.4297993649156187e-12
40.0,4.438247653880816e-12,7.695938362893733e-13
40.041666666666664,0.18086626826221974,0.03136227991368471
40.083333333333336,0.09984872394992528,0.01731380682329205
40.125,0.04394760328541773,0.0076205311748600195
40.166666666666664,0.017479740336034215,0.003030993642454346
40.208333333333336,0.006562485119905018,0.0011379374232538613
40.25,0.0023734803140221215,0.000411562391888698
40.291666666666664,0.0008362704132324406,0.0001450096086756443
40.333333333333336,0.00028900780250712047,5.0114063205673736e-05
40.375,9.840317039467436e-05,1.706314728536056e-05
40.416666666666664,3.311163759553707e-05,5.741570590521427e-06
40.458333333333336,1.1035311882890716e-05,1.9135272902532888e-06
40.5,3.6486724765655232e-06,6.326811993351002e-07
40.541666666666664,1.1983306279095923e-06,2.0779098801969692e-07
40.583333333333336,3.9132333672499706e-07,6.78556158704694e-08
40.625,1.2716012429188934e-07,2.2049614061364544e-08
40.666666666666664,4.1143033308608984e-08,7.134217670991674e-09
40.708333333333336,1.3261624133528941e-08,2.2995706838094226e-09
40.75,4.260287775832561e-09,7.387355255475222e-10
40.791666666666664,1.3645196906138162e-09,2.366082348905525e-10
40.833333333333336,4.358651393085893e-10,7.557918143030854e-11
40.875,1.38889562688891e-10,2.4083503153960635e-11
40.916666666666664,4.416011545219648e-11,7.657380865648774e-12
40.958333333333336,1.4012608272766852e-11,2.429791620039336e-12
41.0,4.438233063792297e-12,7.695913063624582e-13
41.041666666666664,0.1808654594927857,0.03136213967275632
41.083333333333336,0.09984853879446019,0.017313774717263773
41.125,0.043947873063806285,0.00762057795453551
41.166666666666664,0.017479835584258113,0.003031010158532706
41.208333333333336,0.006562492547903596,0.0011379387112716484
41.25,0.002373468106392856,0.0004115602750811264
41.291666666666664,0.000836259935139422,0.00014500779177031763
41.333333333333336,0.00028900184700154734,5.011303051873545e-05
41.375,9.840030051886997e-05,1.7062649647801276e-05
41.416666666666664,3.311037416538379e-05,5.741351511250874e-06
41.458333333333336,1.1034789454860812e-05,1.913436701033607e-06
41.5,3.6484657157794094e-06,6.326453469359128e-07
41.541666666666664,1.1982513986093749e-06,2.0777724962881476e-07
41.583333333333336,3.912936742289562e-07,6.785047238234024e-08
41.625,1.2714924633918456e-07,2.2047727820215807e-08
41.666666666666664,4.113911273658175e-08,7.133537842306528e-09
41.708333333333336,1.326023048391588e-08,2.299329024434867e-09
41.75,4.259798080298635e-09,7.3865061215513e-10
41.791666666666664,1.3643491397085713e-09,2.3657866129852105e-10
41.833333333333336,4.3580631753831537e-10,7.556898171290365e-11
41.875,1.388694394819834e-10,2.408001378220624e-11
41.916666666666664,4.4153276583705035e-11,7.65619500324346e-12
41.958333333333336,1.4010296164041803e-11,2.4293906995043876e-12
42.0,4.4374559737989584e-12,7.694565586611684e-13
42.041666666666664,0.18086545942929672,0.03136213966174731
42.083333333333336,0.09984850929760798,0.01731376960249835
42.125,0.04394781895093933,0.007620568571343736
42.166666666666664,0.017479821265247008,0.003031007675610717
42.208333333333336,0.006562493438289523,0.0011379388656649076
42.25,0.002373471364633826,0.00041156084006135354
42.291666666666664,0.0008362622500704608,0.00014500819318024287
42.333333333333336,0.00028900308031027674,5.011324437493961e-05
42.375,9.840087559927454e-05,1.7062749366962814e-05
42.416666666666664,3.311062106771576e-05,5.741394324209426e-06
42.458333333333336,1.1034890041933973e-05,1.913454142870465e-06
42.5,3.6485051179696e-06,6.32652179290723e-07
42.541666666666664,1.1982663711688856e-06,2.0777984587634568e-07
42.583333333333336,3.912992418411107e-07,6.785143780841177e-08
42.625,1.271512746552054e-07,2.2048079530987586e-08
42.666666666666664,4.113984072528478e-08,7.133664075825347e-09
42.708333333333336,1.3260488718260852e-08,2.2993738023687968e-09
42.75,4.259888536845031e-09,7.386662973547825e-10
42.791666666666664,1.3643805361680787e-09,2.365841054565768e-10
42.833333333333336,4.358171233551023e-10,7.557085544565671e-11
42.875,1.38873128577893e-10,2.4080653472844286e-11
42.916666666666664,4.4154528845903484e-11,7.656412145986385e-12
42.958333333333336,1.4010718403680742e-11,2.4294639160188557e-12
43.0,4.437597603743489e-12,7.694811173475791e-13
43.041666666666664,0.18086624907407603,0.031362276586453276
43.083333333333336,0.0998487531433281,0.017313811885439238
43.125,0.04394761226445069,0.007620532731827759
43.166666666666664,0.017479741537299424,0.0030309938507541915
43.208333333333336,0.0065624851162307575,0.001137937422616743
43.25,0.002373480200668351,0.000411562372233111
43.291666666666664,0.0008362703323071003,0.0001450095946431594
43.333333333333336,0.00028900776484798316,5.011405667556496e-05
43.375,9.840316310139182e-05,1.7063146020702585e-05
43.416666666666664,3.311163275495369e-05,5.741569751162421e-06
43.458333333333336,1.1035309675612629e-05,1.913526907510426e-06
43.5,3.6486716510552533e-06,6.326810561913046e-07
43.541666666666664,1.1983304031564515e-06,2.077909490474166e-07
43.583333333333336,3.913232661609883e-07,6.785560363464336e-08
43.625,1.2716009169723808e-07,2.2049608409439583e-08
43.666666666666664,4.1143021353266615e-08,7.134215597930746e-09
43.708333333333336,1.3261620151695853e-08,2.299569993358046e-09
43.75,4.260286998310037e-09,7.387353907248199e-10
43.791666666666664,1.3645192966679845e-09,2.3660816658019494e-10
43.833333333333336,4.358649917989809e-10,7.557915585208616e-11
43.875,1.38889513458478e-10,2.408349461738824e-11
43.916666666666664,4.4160103840542107e-11,7.657378852183476e-12
43.958333333333336,1.401260402359972e-11,2.4297908832321346e-12
44.0,4.438231403501685e-12,7.695910184674327e-13
44.041666666666664,0.18086624834029394,0.03136227645921518
44.083333333333336,0.09984875388947394,0.01731381201482121
44.125,0.04394761279982754,0.00762053282466231
44.166666666666664,0.017479741698218025,0.0030309938786575387
44.208333333333336,0.006562485127625165,0.0011379374245925377
44.25,0.002373480184132768,0.00041156236936583455
44.291666666666664,0.0008362703185624225,0.00014500959225982702
44.333333333333336,0.00028900775709534007,5.011405533125369e-05
44.375,9.8403159007977e-05,1.7063145310902897e-05
44.416666666666664,3.311163110144204e-05,5.741569464442872e-06
44.458333333333336,1.1035309017223718e-05,1.913526793345538e-06
44.5,3.648671392034773e-06,6.326810112770545e-07
44.541666666666664,1.1983302863013686e-06,2.0779092878470063e-07
44.583333333333336,3.913232270180318e-07,6.785559684723978e-08
44.625,1.2716007811114128e-07,2.2049606053605217e-08
44.666666666666664,4.1143016527748356e-08,7.13421476118404e-09
44.708333333333336,1.3261618423499074e-08,2.2995696936880656e-09
44.75,4.260286331199781e-09,7.387352750476472e-10
44.791666666666664,1.3645190820249692e-09,2.366081293610142e-10
44.833333333333336,4.358649199159957e-10,7.55791433875491e-11
44.875,1.3888948884005618e-10,2.4083490348544507e-11
44.916666666666664,4.4160094054111624e-11,7.657377155212697e-12
44.958333333333336,1.401260105024996e-11,2.429790367652152e-12
45.0,4.438230451939601e-12,7.695908534662045e-13
45.041666666666664,0.18086624833523984,0.0313622764583388
45.083333333333336,0.09984875389417978,0.017313812015637208
45.125,0.043947612803436155,0.007620532825288045
45.166666666666664,0.017479741699298824,0.0030309938788449496
45.208333333333336,0.006562485127658747,0.001137937424598361
45.25,0.0023734801839905687,0.0004115623693411772
45.291666666666664,0.0008362703184535609,0.00014500959224095038
45.333333333333336,0.0002890077570353779,5.011405532085622e-05
45.375,9.840315897655092e-05,1.70631453054536e-05
45.416666666666664,3.3111631088846514e-05,5.741569462258802e-06
45.458333333333336,1.1035309012233528e-05,1.913526792480237e-06
45.5,3.648671390078327e-06,6.326810109378059e-07
45.541666666666664,1.1983302854139455e-06,2.077909286308211e-07
45.583333333333336,3.913232267215913e-07,6.785559679583687e-08
45.625,1.2716007800847255e-07,2.204960603580242e-08
45.666666666666664,4.1143016491335594e-08,7.134214754870052e-09
45.708333333333336,1.3261618410468832e-08,2.2995696914286164e-09
45.75,4.260286326135852e-09,7.387352741695598e-10
45.791666666666664,1.3645190804008443e-09,2.3660812907939034e-10
45.833333333333336,4.358649193734169e-10,7.557914329346573e-11
45.875,1.388894886545183e-10,2.408349031637217e-11
45.916666666666664,4.4160093979617897e-11,7.657377142295456e-12
45.958333333333336,1.4012601027707845e-11,2.4297903637433402e-12
46.0,4.438230444751589e-12,7.695908522198003e-13
46.041666666666664,0.18086624825291567,0.03136227644406375
46.083333333333336,0.09984875398069504,0.01731381203063899
46.125,0.04394761286037958,0.007620532835162056
46.166666666666664,0.01747974171555042,0.0030309938816629827
46.208333333333336,0.006562485128877178,0.0011379374248096372
46.25,0.00237348018233406,0.0004115623690539379
46.291666666666664,0.0008362703170693226,0.00014500959200092293
46.333333333333336,0.0002890077562556382,5.0114055185649075e-05
46.375,9.840315856682337e-05,1.7063145234406687e-05
46.416666666666664,3.311163092276842e-05,5.7415694334607976e-06
46.458333333333336,1.1035308946100238e-05,1.913526781012699e-06
46.5,3.648671364095256e-06,6.326810064323315e-07
46.541666666666664,1.198330273705139e-06,2.077909266005096e-07
46.583333333333336,3.9132322279284023e-07,6.785559611458995e-08
46.625,1.2716007664551157e-07,2.2049605799464466e-08
46.666666666666664,4.1143016007928114e-08,7.134214671047011e-09
46.708333333333336,1.3261618237590448e-08,2.2995696614514384e-09
46.75,4.260286259084924e-09,7.387352625429034e-10
46.791666666666664,1.3645190588597538e-09,2.3660812534415707e-10
46.833333333333336,4.358649121743005e-10,7.55791420451362e-11
46.875,1.388894861933653e-10,2.4083489889607297e-11
46.916666666666664,4.416009299291554e-11,7.657376971200892e-12
46.958333333333336,1.4012600728754794e-11,2.4297903119047673e-12
47.0,4.438230349376652e-12,7.695908356817499e-13
47.041666666666664,0.18086624832413215,0.03136227645641272
47.083333333333336,0.09984875390458005,0.01731381201744062
47.125,0.04394761281023488,0.007620532826466946
47.166666666666664,0.017479741701214316,0.003030993879177096
47.208333333333336,0.006562485127803585,0.0011379374246234758
47.25,0.0023734801837944058,0.0004115623693071624
47.291666666666664,0.0008362703182894525,0.00014500959221249392
47.333333333333336,0.00028900775694295204,5.0114055304829545e-05
47.375,9.840315892808036e-05,1.706314529704879e-05
47.416666666666664,3.3111631069172906e-05,5.7415694588473906e-06
47.458333333333336,1.103530900439604e-05,1.9135267911212137e-06
47.5,3.648671386999058e-06,6.326810104038595e-07
47.541666666666664,1.1983302840292379e-06,2.077909283907123e-07
47.583333333333336,3.9132322625653736e-07,6.785559671519634e-08
47.625,1.271600778470739e-07,2.2049606007815827e-08
47.666666666666664,4.114301643408896e-08,7.134214744943464e-09
47.708333333333336,1.3261618389998548e-08,2.2995696878790616e-09
47.75,4.2602863182056555e-09,7.387352727944608e-10
47.791666666666664,1.3645190778516866e-09,2.3660812863736544e-10
47.833333333333336,4.3586491852128864e-10,7.557914314570635e-11
47.875,1.388894883631849e-10,2.4083490265854848e-11
47.916666666666664,4.416009386298342e-11,7.657377122070994e-12
47.958333333333336,1.401260099234789e-11,2.4297903576119108e-12
48.0,4.438230433465734e-12,7.695908502628289e-13
48.041666666666664,0.18086624824268938,0.03136227644229051
48.083333333333336,0.09984875399198906,0.01731381203259737
48.125,0.043947612869562766,0.007620532836754425
48.166666666666664,0.017479741718513624,0.003030993882176803
48.208333333333336,0.006562485129069585,0.0011379374248430007
48.25,0.0023734801820262524,0.00041156236900056397
48.291666666666664,0.000836270316815341,0.00014500959195688242
48.333333333333336,0.0002890077561122622,5.011405516078761e-05
48.375,9.840315849014839e-05,1.7063145221111214e-05
48.416666666666664,3.3111630892015105e-05,5.741569428128161e-06
48.458333333333336,1.1035308933889089e-05,1.9135267788952816e-06
48.5,3.6486713592920064e-06,6.326810055994462e-07
48.541666666666664,1.1983302715029326e-06,2.0779092621864618e-07
48.583333333333336,3.913232220611334e-07,6.785559598771171e-08
48.625,1.2716007639278982e-07,2.2049605755642415e-08
48.666666666666664,4.114301591836401e-08,7.13421465551656e-09
48.708333333333336,1.3261618205528489e-08,2.2995696558918826e-09
48.75,4.260286246553407e-09,7.387352603699336e-10
48.791666666666664,1.3645190548543314e-09,2.366081246496153e-10
48.833333333333336,4.3586491083824316e-10,7.557914181346335e-11
48.875,1.3888948573660532e-10,2.4083489810404944e-11
48.916666666666664,4.4160092807969356e-11,7.657376939131153e-12
48.958333333333336,1.401260067304409e-11,2.42979030224451e-12
49.0,4.4382303316544e-12,7.695908326087047e-13
49.041666666666664,0.1808662483123583,0.03136227645437113
49.083333333333336,0.09984875391607918,0.01731381201943457
49.125,0.04394761281828305,0.007620532827862502
49.166666666666664,0.017479741703592604,0.0030309938795894924
49.208333333333336,0.006562485127978849,0.0011379374246538666
49.25,0.002373480183552685,0.00041156236926524796
49.291666666666664,0.0008362703180872953,0.0001450095921774398
49.333333333333336,0.0002890077568288771,5.011405528504891e-05
49.375,9.840315886783448e-05,1.7063145286602128e-05
49.416666666666664,3.311163104481191e-05,5.741569454623184e-06
49.458333333333336,1.1035308994700071e-05,1.913526789439929e-06
49.5,3.648671383187502e-06,6.326810097429343e-07
49.541666666666664,1.1983302823047167e-06,2.0779092809167966e-07
49.583333333333336,3.9132322567948923e-07,6.785559661513599e-08
49.625,1.2716007764713245e-07,2.2049605973145905e-08
49.666666666666664,4.1143016363192314e-08,7.134214732649959e-09
49.708333333333336,1.3261618364638162e-08,2.2995696834815606e-09
49.75,4.260286308354955e-09,7.387352710863455e-10
49.791666666666664,1.364519074690964e-09,2.3660812808929495e-10
49.833333333333336,4.358649174652565e-10,7.557914296259e-11
49.875,1.388894880020994e-10,2.4083490203242484e-11
49.916666666666664,4.416009371793406e-11,7.65737709691938e-12
49.958333333333336,1.4012600948458408e-11,2.4297903500014578e-12
50.0,4.4382304194702936e-12,7.695908478360141e-13
