time,ABlood,[ABlood]
0.0,0.0,0.0
0.041666666666666664,0.0036204344749676686,0.0007638047415543604
0.08333333333333333,0.001400633015887766,0.00029549219744467634
0.125,0.0005676514844803559,0.0001197576971477544
0.16666666666666666,0.00026009180126738496,5.4871688031093874e-05
0.20833333333333334,0.00014192354314359663,2.994167576869127e-05
0.25,9.249272716645065e-05,1.9513233579419967e-05
0.2916666666666667,6.863185918170198e-05,1.4479295186013075e-05
0.3333333333333333,5.4808630749422555e-05,1.1563002267810666e-05
0.375,4.535404846756023e-05,9.568364655603425e-06
0.4166666666666667,3.81313537295481e-05,8.044589394419429e-06
0.4583333333333333,3.227886840333934e-05,6.809887848805768e-06
0.5,2.7403836256172208e-05,5.78140005404477e-06
0.5416666666666666,2.3293439468950917e-05,4.914227736065594e-06
0.5833333333333334,1.9809692787236754e-05,4.179260081695518e-06
0.625,1.68505562755002e-05,3.5549696783755695e-06
0.6666666666666666,1.433473832179977e-05,3.024206397004171e-06
0.7083333333333334,1.2195011496392227e-05,2.572787235525786e-06
0.75,1.037487085551067e-05,2.1887913197279893e-06
0.7916666666666666,8.826392369244923e-06,1.8621080947774099e-06
0.8333333333333334,7.5090655607146614e-06,1.5841910465642744e-06
0.875,6.388363890018758e-06,1.3477560949406663e-06
0.9166666666666666,5.434916293948541e-06,1.1466068130693125e-06
0.9583333333333334,4.623775516035461e-06,9.75480066674148e-07
1.0,3.933693923243628e-06,8.298932327518202e-07
1.0416666666666667,0.003623783360012932,0.0007645112573866945
1.0833333333333333,0.0014034803191591543,0.0002960928943373743
1.125,0.0005700737649020893,0.00012026872677259268
1.1666666666666667,0.000262152535914632,5.53064421760827e-05
1.2083333333333333,0.0001436767079504825,3.0311541761705167e-05
1.25,9.398421885086866e-05,1.982789427233516e-05
1.2916666666666667,6.990072927557174e-05,1.4746989298643827e-05
1.3333333333333333,5.5888083939016556e-05,1.179073500823134e-05
1.375,4.627248662151238e-05,9.76212797922202e-06
1.4166666666666667,3.891271650197745e-05,8.209433861176676e-06
1.4583333333333333,3.294357196736018e-05,6.9501206682194465e-06
1.5,2.7969358654675765e-05,5.9007085769358154e-06
1.5416666666666667,2.3774554977070182e-05,5.015728898116072e-06
1.5833333333333333,2.02189862470971e-05,4.265608912889683e-06
1.625,1.719877336350829e-05,3.628433199052382e-06
1.6666666666666667,1.4631000125713265e-05,3.0867088872812795e-06
1.7083333333333333,1.244703810533199e-05,2.6259574061881834e-06
1.75,1.0589251862752677e-05,2.234019380327569e-06
1.7916666666666667,9.008828160743066e-06,1.9005966583846131e-06
1.8333333333333333,7.66428363849533e-06,1.616937476475808e-06
1.875,6.520404817514562e-06,1.3756128306992746e-06
1.9166666666666667,5.547258319583301e-06,1.1703076623593462e-06
1.9583333333333333,4.719354355982973e-06,9.956443788993613e-07
2.0,4.015008185234007e-06,8.470481403447272e-07
2.0416666666666665,0.0036238507059266544,0.0007645254653853701
2.0833333333333335,0.0014035392018525844,0.0002961053168465368
2.125,0.0005701238387080894,0.00012027929086668552
2.1666666666666665,0.00026219513335563524,5.531542897798212e-05
2.2083333333333335,0.00014371294862116247,3.0319187472819084e-05
2.25,9.401505457645554e-05,1.9834399699674163e-05
2.2916666666666665,6.992699298877926e-05,1.4752530166409126e-05
2.3333333333333335,5.591042390707059e-05,1.1795448081660461e-05
2.375,4.629141441659953e-05,9.766121184936609e-06
2.4166666666666665,3.892887544822367e-05,8.212842921566175e-06
2.4583333333333335,3.295732291924043e-05,6.953021712919921e-06
2.5,2.798103294075139e-05,5.903171506487635e-06
2.5416666666666665,2.378450036727081e-05,5.017827081702702e-06
2.5833333333333335,2.022745017169481e-05,4.267394550990466e-06
2.625,1.720597171607449e-05,3.6299518388342804e-06
2.6666666666666665,1.4637111201768028e-05,3.087998143832917e-06
2.7083333333333335,1.2452277115939877e-05,2.6270626826877376e-06
2.75,1.0593689559455636e-05,2.2349556032606826e-06
2.7916666666666665,9.012567772239371e-06,1.9013856059576731e-06
2.8333333333333335,7.667463170968738e-06,1.6176082639174553e-06
2.875,6.523111546232005e-06,1.3761838705130813e-06
2.9166666666666665,5.549559749630514e-06,1.170793196124581e-06
2.9583333333333335,4.7213068885401245e-06,9.960563055991823e-07
3.0,4.016667935598835e-06,8.473982986495432e-07
3.0416666666666665,0.0036238515864745646,0.0007645256511549714
3.0833333333333335,0.0014035403598864839,0.00029610556115748605
3.125,0.0005701248658780468,0.00012027950756920817
3.1666666666666665,0.0002621960060741014,5.5315613095801986e-05
3.2083333333333335,0.00014371368857999628,3.0319343582277696e-05
3.25,9.401567827455206e-05,1.9834531281551068e-05
3.2916666666666665,6.992747577689544e-05,1.4752632020442076e-05
3.3333333333333335,5.591087754249067e-05,1.1795543785335584e-05
3.375,4.6291845907872355e-05,9.766212216850707e-06
3.4166666666666665,3.892918110420459e-05,8.212907405950335e-06
3.4583333333333335,3.295759215540839e-05,6.953078513799238e-06
3.5,2.7981292980720937e-05,5.903226367240704e-06
3.5416666666666665,2.3784695453097906e-05,5.0178682390501905e-06
3.5833333333333335,2.0227617755556058e-05,4.267429906235455e-06
3.625,1.7206143094923705e-05,3.6299879947096423e-06
3.6666666666666665,1.4637250370352835e-05,3.088027504293847e-06
3.7083333333333335,1.2452373269968715e-05,2.62708296834783e-06
3.75,1.059378248721215e-05,2.2349752082726053e-06
3.7916666666666665,9.012642028511062e-06,1.9014012718377768e-06
3.8333333333333335,7.667525852534605e-06,1.6176214878764988e-06
3.875,6.523166882083904e-06,1.3761955447434395e-06
3.9166666666666665,5.5496048484204815e-06,1.1708027106372324e-06
3.9583333333333335,4.721346427203573e-06,9.960646470893614e-07
4.0,4.016701295612862e-06,8.474053366271861e-07
4.041666666666667,0.003623851373928627,0.0007645256063140563
4.083333333333333,0.0014035403794737302,0.0002961055652898165
4.125,0.0005701248866088165,0.00012027951194278828
4.166666666666667,0.00026219602372404543,5.531561681941887e-05
4.208333333333333,0.00014371370366000972,3.031934676371513e-05
4.25,9.401569097356103e-05,1.9834533960666884e-05
4.291666666666667,6.992749475182402e-05,1.4752636023591565e-05
4.333333333333333,5.5910859526575604e-05,1.1795539984509621e-05
4.375,4.629185762114568e-05,9.766214688005416e-06
4.416666666666667,3.8929194558659717e-05,8.212910244442978e-06
4.458333333333333,3.2957595361507554e-05,6.953079190191466e-06
4.5,2.7981305612021745e-05,5.903229032072098e-06
4.541666666666667,2.378470291376881e-05,5.017869813031395e-06
4.583333333333333,2.0227618191538786e-05,4.2674299982149335e-06
4.625,1.7206138687465023e-05,3.6299870648660387e-06
4.666666666666667,1.4637264181217134e-05,3.088030417978298e-06
4.708333333333333,1.2452361853071069e-05,2.6270805597196346e-06
4.75,1.0593796815100756e-05,2.234978231033915e-06
4.791666666666667,9.01268237833062e-06,1.9014097844579368e-06
4.833333333333333,7.667548431877617e-06,1.6176262514509741e-06
4.875,6.523185029343444e-06,1.3761993732792075e-06
4.916666666666667,5.549625897425433e-06,1.1708071513555765e-06
4.958333333333333,4.7213644673087225e-06,9.960684530187178e-07
5.0,4.016717361771678e-06,8.474087261121684e-07
5.041666666666667,0.003623851508460122,0.0007645256346962282
5.083333333333333,0.0014035403919468576,0.00029610556792127794
5.125,0.0005701248968358893,0.00012027951410039858
5.166666666666667,0.000262196032470958,5.531561866475907e-05
5.208333333333333,0.00014371371110847233,3.0319348335120743e-05
5.25,9.401569724272533e-05,1.9834535283275387e-05
5.291666666666667,6.992749948981077e-05,1.4752637023166828e-05
5.333333333333333,5.591086434750501e-05,1.1795541001583336e-05
5.375,4.629186095020784e-05,9.766215390339207e-06
5.416666666666667,3.892919779148976e-05,8.212910926474634e-06
5.458333333333333,3.295759844938137e-05,6.953079841641639e-06
5.5,2.7981307664127118e-05,5.903229465005721e-06
5.541666666666667,2.378470497748336e-05,5.0178702484142105e-06
5.583333333333333,2.0227619805685947e-05,4.267430338752309e-06
5.625,1.7206140992319827e-05,3.629987551122326e-06
5.666666666666667,1.4637264848312764e-05,3.088030558715773e-06
5.708333333333333,1.2452363213316208e-05,2.627080846691183e-06
5.75,1.0593799242660888e-05,2.2349787431774024e-06
5.791666666666667,9.012684180667209e-06,1.9014101646977232e-06
5.833333333333333,7.667549592240754e-06,1.6176264962533236e-06
5.875,6.523185972879932e-06,1.3761995723375384e-06
5.916666666666667,5.549626871980512e-06,1.1708073569579139e-06
5.958333333333333,4.721365239350989e-06,9.960686158968332e-07
6.0,4.016717985267064e-06,8.474088576512793e-07
6.041666666666667,0.0036238531041137604,0.0007645259713320169
6.083333333333333,0.0014035404361710355,0.00029610557725127327
6.125,0.0005701248904244049,0.00012027951274776473
6.166666666666667,0.00026219602908257545,5.531561794991043e-05
6.208333333333333,0.00014371370947477096,3.031934799045801e-05
6.25,9.401570272761564e-05,1.983453644042524e-05
6.291666666666667,6.992749329267759e-05,1.4752635715754766e-05
6.333333333333333,5.5910896056123464e-05,1.1795547691165288e-05
6.375,4.6291862005332193e-05,9.76621561293928e-06
6.416666666666667,3.892919349975037e-05,8.21291002104438e-06
6.458333333333333,3.295759544719597e-05,6.953079208269192e-06
6.5,2.798130013154627e-05,5.903227875853643e-06
6.541666666666667,2.3784701380133363e-05,5.0178694894796125e-06
6.583333333333333,2.0227618875935184e-05,4.267430142602359e-06
6.625,1.7206143487400344e-05,3.629988077510621e-06
6.666666666666667,1.4637260184610248e-05,3.0880295748122883e-06
6.708333333333333,1.2452365834588084e-05,2.6270813997021274e-06
6.75,1.059380952614252e-05,2.234980912688295e-06
6.791666666666667,9.012662037700903e-06,1.9014054931858446e-06
6.833333333333333,7.667529407723392e-06,1.6176222379163273e-06
6.875,6.52317551570531e-06,1.3761973661825547e-06
6.916666666666667,5.5496078508971295e-06,1.1708033440711242e-06
6.958333333333333,4.721349421476172e-06,9.960652787924414e-07
7.0,4.016704099958674e-06,8.474059282613236e-07
7.041666666666667,0.0036238521279469125,0.000764525765389644
7.083333333333333,0.0014035404282763777,0.00029610557558573366
7.125,0.0005701248832031496,0.00012027951122429315
7.166666666666667,0.0002621960218839561,5.531561643121436e-05
7.208333333333333,0.00014371370452600298,3.031934694641413e-05
7.25,9.401570111788047e-05,1.9834536100818662e-05
7.291666666666667,6.992755605215447e-05,1.4752648956150731e-05
7.333333333333333,5.591090980602924e-05,1.179555059198929e-05
7.375,4.629182108186626e-05,9.766206979296679e-06
7.416666666666667,3.892920792109119e-05,8.212913063521348e-06
7.458333333333333,3.295761470874571e-05,6.95308327188728e-06
7.5,2.7981281498735412e-05,5.903223944880888e-06
7.541666666666667,2.378468961455357e-05,5.017867007289783e-06
7.583333333333333,2.0227632666097054e-05,4.267433051919209e-06
7.625,1.7206124240244778e-05,3.629984016929278e-06
7.666666666666667,1.4637266137688938e-05,3.0880308307360625e-06
7.708333333333333,1.245238662388615e-05,2.6270857856299894e-06
7.75,1.059377819411404e-05,2.234974302555705e-06
7.791666666666667,9.012650087094563e-06,1.9014029719608782e-06
7.833333333333333,7.667527518774224e-06,1.6176218394038447e-06
7.875,6.5231685749730446e-06,1.3761959018930473e-06
7.916666666666667,5.549607953348586e-06,1.1708033656853556e-06
7.958333333333333,4.7213476072573155e-06,9.960648960458472e-07
8.0,4.016703155617332e-06,8.474057290331923e-07
8.041666666666666,0.00362385195876206,0.0007645257296966372
8.083333333333334,0.001403540414478781,0.0002961055726748483
8.125,0.000570124884501574,0.00012027951149822235
8.166666666666666,0.00026219602204696296,5.5315616465603996e-05
8.208333333333334,0.00014371370252883853,3.0319346525071416e-05
8.25,9.401570103162919e-05,1.9834536082622192e-05
8.291666666666666,6.992747855814885e-05,1.4752632607204397e-05
8.333333333333334,5.5910941937870996e-05,1.179555737085886e-05
8.375,4.6291851805607956e-05,9.766213461098724e-06
8.416666666666666,3.892918264345876e-05,8.212907730687502e-06
8.458333333333334,3.295761157422273e-05,6.953082610595513e-06
8.5,2.7981292502080583e-05,5.903226266261726e-06
8.541666666666666,2.378469656285991e-05,5.017868473177196e-06
8.583333333333334,2.0227633631719082e-05,4.267433255636937e-06
8.625,1.720614363553387e-05,3.62998810876242e-06
8.666666666666666,1.46372517426354e-05,3.0880277938049365e-06
8.708333333333334,1.2452388359167875e-05,2.6270861517231803e-06
8.75,1.0593772370979916e-05,2.2349730740463955e-06
8.791666666666666,9.012646579934204e-06,1.9014022320536294e-06
8.833333333333334,7.667525422940257e-06,1.6176213972447798e-06
8.875,6.523165812160775e-06,1.3761953190212604e-06
8.916666666666666,5.549606141897639e-06,1.1708029835227087e-06
8.958333333333334,4.721345376499623e-06,9.960644254218613e-07
9.0,4.0167013011816915e-06,8.474053378020446e-07
9.041666666666666,0.0036238521528871733,0.0007645257706513024
9.083333333333334,0.0014035404277796084,0.00029610557548093
9.125,0.0005701248819692938,0.00012027951096398603
9.166666666666666,0.00026219602062631573,5.531561616588939e-05
9.208333333333334,0.00014371370340213416,3.0319346709311003e-05
9.25,9.401569939795815e-05,1.9834535737965855e-05
9.291666666666666,6.992755426536906e-05,1.4752648579191785e-05
9.333333333333334,5.591090622975875e-05,1.1795549837501844e-05
9.375,4.629181916304418e-05,9.766206574481895e-06
9.416666666666666,3.892920899162996e-05,8.212913289373409e-06
9.458333333333334,3.295761437827879e-05,6.953083202168521e-06
9.5,2.798128084200386e-05,5.903223806329928e-06
9.541666666666666,2.3784689727475754e-05,5.017867031113028e-06
9.583333333333334,2.0227633133443135e-05,4.267433150515429e-06
9.625,1.720612382956907e-05,3.629983930288833e-06
9.666666666666666,1.4637266766559942e-05,3.0880309634092703e-06
9.708333333333334,1.2452384837077467e-05,2.627085408666132e-06
9.75,1.0593776718368266e-05,2.2349739912169336e-06
9.791666666666666,9.012649901803085e-06,1.901402932869849e-06
9.833333333333334,7.667526472875388e-06,1.6176216187500816e-06
9.875,6.523168103298624e-06,1.3761958023836757e-06
9.916666666666666,5.549607496369996e-06,1.1708032692763705e-06
9.958333333333334,4.721347038539051e-06,9.960647760630908e-07
10.0,4.016702768567798e-06,8.474056473771726e-07
